video_folder,frame,road_pixels,object_pixels,occupancy_ratio,traffic_level,unusual_congestion
cctv052x2004080516x01638,frame_1.jpg,69329,7471,0.1078,unusual congestion,True
cctv052x2004080516x01638,frame_2.jpg,68897,7903,0.1147,unusual congestion,True
cctv052x2004080516x01638,frame_3.jpg,71111,5689,0.08,High,False
cctv052x2004080516x01638,frame_4.jpg,70554,6246,0.0885,High,False
cctv052x2004080516x01638,frame_5.jpg,71208,5592,0.0785,Moderate,False
cctv052x2004080516x01639,frame_1.jpg,71509,5291,0.074,Moderate,False
cctv052x2004080516x01639,frame_2.jpg,71291,5509,0.0773,Moderate,False
cctv052x2004080516x01639,frame_3.jpg,72503,4297,0.0593,Moderate,False
cctv052x2004080516x01639,frame_4.jpg,67824,8976,0.1323,unusual congestion,True
cctv052x2004080516x01639,frame_5.jpg,68824,7976,0.1159,unusual congestion,True
cctv052x2004080516x01640,frame_1.jpg,73784,3016,0.0409,Moderate,False
cctv052x2004080516x01640,frame_2.jpg,73309,3491,0.0476,Moderate,False
cctv052x2004080516x01640,frame_3.jpg,73803,2997,0.0406,Moderate,False
cctv052x2004080516x01640,frame_4.jpg,74444,2356,0.0316,Low,False
cctv052x2004080516x01640,frame_5.jpg,73608,3192,0.0434,Moderate,False
cctv052x2004080516x01641,frame_1.jpg,69836,6964,0.0997,High,False
cctv052x2004080516x01641,frame_2.jpg,69406,7394,0.1065,unusual congestion,True
cctv052x2004080516x01641,frame_3.jpg,70124,6676,0.0952,High,False
cctv052x2004080516x01641,frame_4.jpg,69948,6852,0.098,High,False
cctv052x2004080516x01641,frame_5.jpg,69598,7202,0.1035,unusual congestion,True
cctv052x2004080516x01642,frame_1.jpg,72420,4380,0.0605,Moderate,False
cctv052x2004080516x01642,frame_2.jpg,70793,6007,0.0849,High,False
cctv052x2004080516x01642,frame_3.jpg,73272,3528,0.0481,Moderate,False
cctv052x2004080516x01642,frame_4.jpg,73968,2832,0.0383,Low,False
cctv052x2004080516x01642,frame_5.jpg,73789,3011,0.0408,Moderate,False
cctv052x2004080516x01643,frame_1.jpg,70849,5951,0.084,High,False
cctv052x2004080516x01643,frame_2.jpg,73311,3489,0.0476,Moderate,False
cctv052x2004080516x01643,frame_3.jpg,70488,6312,0.0895,High,False
cctv052x2004080516x01643,frame_4.jpg,70952,5848,0.0824,High,False
cctv052x2004080516x01643,frame_5.jpg,70765,6035,0.0853,High,False
cctv052x2004080516x01644,frame_1.jpg,70403,6397,0.0909,High,False
cctv052x2004080516x01644,frame_2.jpg,71621,5179,0.0723,Moderate,False
cctv052x2004080516x01644,frame_3.jpg,69425,7375,0.1062,unusual congestion,True
cctv052x2004080516x01644,frame_4.jpg,70572,6228,0.0883,High,False
cctv052x2004080516x01644,frame_5.jpg,73853,2947,0.0399,Low,False
cctv052x2004080516x01645,frame_1.jpg,69308,7492,0.1081,unusual congestion,True
cctv052x2004080516x01645,frame_2.jpg,70115,6685,0.0953,High,False
cctv052x2004080516x01645,frame_3.jpg,71949,4851,0.0674,Moderate,False
cctv052x2004080516x01645,frame_4.jpg,69930,6870,0.0982,High,False
cctv052x2004080516x01645,frame_5.jpg,69946,6854,0.098,High,False
cctv052x2004080516x01646,frame_1.jpg,72590,4210,0.058,Moderate,False
cctv052x2004080516x01646,frame_2.jpg,69155,7645,0.1105,unusual congestion,True
cctv052x2004080516x01646,frame_3.jpg,69751,7049,0.1011,unusual congestion,True
cctv052x2004080516x01646,frame_4.jpg,69138,7662,0.1108,unusual congestion,True
cctv052x2004080516x01646,frame_5.jpg,69250,7550,0.109,unusual congestion,True
cctv052x2004080516x01647,frame_1.jpg,72569,4231,0.0583,Moderate,False
cctv052x2004080516x01647,frame_2.jpg,71998,4802,0.0667,Moderate,False
cctv052x2004080516x01647,frame_3.jpg,73108,3692,0.0505,Moderate,False
cctv052x2004080516x01647,frame_4.jpg,73811,2989,0.0405,Moderate,False
cctv052x2004080516x01647,frame_5.jpg,70599,6201,0.0878,High,False
cctv052x2004080516x01648,frame_1.jpg,73077,3723,0.0509,Moderate,False
cctv052x2004080516x01648,frame_2.jpg,72812,3988,0.0548,Moderate,False
cctv052x2004080516x01648,frame_3.jpg,70880,5920,0.0835,High,False
cctv052x2004080516x01648,frame_4.jpg,72544,4256,0.0587,Moderate,False
cctv052x2004080516x01648,frame_5.jpg,73048,3752,0.0514,Moderate,False
cctv052x2004080516x01649,frame_1.jpg,69246,7554,0.1091,unusual congestion,True
cctv052x2004080516x01649,frame_2.jpg,72799,4001,0.055,Moderate,False
cctv052x2004080516x01649,frame_3.jpg,70870,5930,0.0837,High,False
cctv052x2004080516x01649,frame_4.jpg,70536,6264,0.0888,High,False
cctv052x2004080516x01649,frame_5.jpg,70430,6370,0.0904,High,False
cctv052x2004080516x01650,frame_1.jpg,71429,5371,0.0752,Moderate,False
cctv052x2004080516x01650,frame_2.jpg,70764,6036,0.0853,High,False
cctv052x2004080516x01650,frame_3.jpg,70506,6294,0.0893,High,False
cctv052x2004080516x01650,frame_4.jpg,70386,6414,0.0911,High,False
cctv052x2004080516x01650,frame_5.jpg,69535,7265,0.1045,unusual congestion,True
cctv052x2004080517x01652,frame_1.jpg,69879,6921,0.099,High,False
cctv052x2004080517x01652,frame_2.jpg,72768,4032,0.0554,Moderate,False
cctv052x2004080517x01652,frame_3.jpg,71997,4803,0.0667,Moderate,False
cctv052x2004080517x01652,frame_4.jpg,71613,5187,0.0724,Moderate,False
cctv052x2004080517x01652,frame_5.jpg,70759,6041,0.0854,High,False
cctv052x2004080517x01653,frame_1.jpg,68617,8183,0.1193,unusual congestion,True
cctv052x2004080517x01653,frame_2.jpg,71749,5051,0.0704,Moderate,False
cctv052x2004080517x01653,frame_3.jpg,71804,4996,0.0696,Moderate,False
cctv052x2004080517x01653,frame_4.jpg,70465,6335,0.0899,High,False
cctv052x2004080517x01653,frame_5.jpg,70534,6266,0.0888,High,False
cctv052x2004080517x01654,frame_1.jpg,68412,8388,0.1226,unusual congestion,True
cctv052x2004080517x01654,frame_2.jpg,70174,6626,0.0944,High,False
cctv052x2004080517x01654,frame_3.jpg,70322,6478,0.0921,High,False
cctv052x2004080517x01654,frame_4.jpg,69447,7353,0.1059,unusual congestion,True
cctv052x2004080517x01654,frame_5.jpg,69583,7217,0.1037,unusual congestion,True
cctv052x2004080517x01655,frame_1.jpg,71475,5325,0.0745,Moderate,False
cctv052x2004080517x01655,frame_2.jpg,70920,5880,0.0829,High,False
cctv052x2004080517x01655,frame_3.jpg,70745,6055,0.0856,High,False
cctv052x2004080517x01655,frame_4.jpg,71914,4886,0.0679,Moderate,False
cctv052x2004080517x01655,frame_5.jpg,72577,4223,0.0582,Moderate,False
cctv052x2004080517x01656,frame_1.jpg,67020,9780,0.1459,unusual congestion,True
cctv052x2004080517x01656,frame_2.jpg,68594,8206,0.1196,unusual congestion,True
cctv052x2004080517x01656,frame_3.jpg,71425,5375,0.0753,Moderate,False
cctv052x2004080517x01656,frame_4.jpg,70497,6303,0.0894,High,False
cctv052x2004080517x01656,frame_5.jpg,70393,6407,0.091,High,False
cctv052x2004080517x01657,frame_1.jpg,73276,3524,0.0481,Moderate,False
cctv052x2004080517x01657,frame_2.jpg,73109,3691,0.0505,Moderate,False
cctv052x2004080517x01657,frame_3.jpg,72359,4441,0.0614,Moderate,False
cctv052x2004080517x01657,frame_4.jpg,70739,6061,0.0857,High,False
cctv052x2004080517x01657,frame_5.jpg,72451,4349,0.06,Moderate,False
cctv052x2004080517x01658,frame_1.jpg,66983,9817,0.1466,unusual congestion,True
cctv052x2004080517x01658,frame_2.jpg,67840,8960,0.1321,unusual congestion,True
cctv052x2004080517x01658,frame_3.jpg,68294,8506,0.1245,unusual congestion,True
cctv052x2004080517x01658,frame_4.jpg,67856,8944,0.1318,unusual congestion,True
cctv052x2004080517x01658,frame_5.jpg,69086,7714,0.1117,unusual congestion,True
cctv052x2004080517x01659,frame_1.jpg,66362,10438,0.1573,unusual congestion,True
cctv052x2004080517x01659,frame_2.jpg,66416,10384,0.1563,unusual congestion,True
cctv052x2004080517x01659,frame_3.jpg,68348,8452,0.1237,unusual congestion,True
cctv052x2004080517x01659,frame_4.jpg,68780,8020,0.1166,unusual congestion,True
cctv052x2004080517x01659,frame_5.jpg,68018,8782,0.1291,unusual congestion,True
cctv052x2004080517x01660,frame_1.jpg,67739,9061,0.1338,unusual congestion,True
cctv052x2004080517x01660,frame_2.jpg,69435,7365,0.1061,unusual congestion,True
cctv052x2004080517x01660,frame_3.jpg,67777,9023,0.1331,unusual congestion,True
cctv052x2004080517x01660,frame_4.jpg,67945,8855,0.1303,unusual congestion,True
cctv052x2004080517x01660,frame_5.jpg,69631,7169,0.103,unusual congestion,True
cctv052x2004080517x01661,frame_1.jpg,66373,10427,0.1571,unusual congestion,True
cctv052x2004080517x01661,frame_2.jpg,69154,7646,0.1106,unusual congestion,True
cctv052x2004080517x01661,frame_3.jpg,67959,8841,0.1301,unusual congestion,True
cctv052x2004080517x01661,frame_4.jpg,67443,9357,0.1387,unusual congestion,True
cctv052x2004080517x01661,frame_5.jpg,70507,6293,0.0893,High,False
cctv052x2004080517x01662,frame_1.jpg,69684,7116,0.1021,unusual congestion,True
cctv052x2004080517x01662,frame_2.jpg,70185,6615,0.0943,High,False
cctv052x2004080517x01662,frame_3.jpg,69086,7714,0.1117,unusual congestion,True
cctv052x2004080517x01662,frame_4.jpg,70792,6008,0.0849,High,False
cctv052x2004080517x01662,frame_5.jpg,69356,7444,0.1073,unusual congestion,True
cctv052x2004080517x01663,frame_1.jpg,69363,7437,0.1072,unusual congestion,True
cctv052x2004080517x01663,frame_2.jpg,70570,6230,0.0883,High,False
cctv052x2004080517x01663,frame_3.jpg,69535,7265,0.1045,unusual congestion,True
cctv052x2004080517x01663,frame_4.jpg,70544,6256,0.0887,High,False
cctv052x2004080517x01663,frame_5.jpg,71118,5682,0.0799,Moderate,False
cctv052x2004080517x01664,frame_1.jpg,71804,4996,0.0696,Moderate,False
cctv052x2004080517x01664,frame_2.jpg,72124,4676,0.0648,Moderate,False
cctv052x2004080517x01664,frame_3.jpg,72881,3919,0.0538,Moderate,False
cctv052x2004080517x01664,frame_4.jpg,72680,4120,0.0567,Moderate,False
cctv052x2004080517x01664,frame_5.jpg,72596,4204,0.0579,Moderate,False
cctv052x2004080517x01665,frame_1.jpg,73709,3091,0.0419,Moderate,False
cctv052x2004080517x01665,frame_2.jpg,71890,4910,0.0683,Moderate,False
cctv052x2004080517x01665,frame_3.jpg,72614,4186,0.0576,Moderate,False
cctv052x2004080517x01665,frame_4.jpg,73191,3609,0.0493,Moderate,False
cctv052x2004080517x01665,frame_5.jpg,73690,3110,0.0422,Moderate,False
cctv052x2004080518x01666,frame_1.jpg,73418,3382,0.0461,Moderate,False
cctv052x2004080518x01666,frame_2.jpg,70213,6587,0.0938,High,False
cctv052x2004080518x01666,frame_3.jpg,72729,4071,0.056,Moderate,False
cctv052x2004080518x01666,frame_4.jpg,71294,5506,0.0772,Moderate,False
cctv052x2004080518x01666,frame_5.jpg,73804,2996,0.0406,Moderate,False
cctv052x2004080518x01667,frame_1.jpg,72399,4401,0.0608,Moderate,False
cctv052x2004080518x01667,frame_2.jpg,71675,5125,0.0715,Moderate,False
cctv052x2004080518x01667,frame_3.jpg,70960,5840,0.0823,High,False
cctv052x2004080518x01667,frame_4.jpg,72659,4141,0.057,Moderate,False
cctv052x2004080518x01667,frame_5.jpg,71922,4878,0.0678,Moderate,False
cctv052x2004080518x01668,frame_1.jpg,69281,7519,0.1085,unusual congestion,True
cctv052x2004080518x01668,frame_2.jpg,68885,7915,0.1149,unusual congestion,True
cctv052x2004080518x01668,frame_3.jpg,69867,6933,0.0992,High,False
cctv052x2004080518x01668,frame_4.jpg,70585,6215,0.088,High,False
cctv052x2004080518x01668,frame_5.jpg,69655,7145,0.1026,unusual congestion,True
cctv052x2004080518x01669,frame_1.jpg,72389,4411,0.0609,Moderate,False
cctv052x2004080518x01669,frame_2.jpg,73125,3675,0.0503,Moderate,False
cctv052x2004080518x01669,frame_3.jpg,73739,3061,0.0415,Moderate,False
cctv052x2004080518x01669,frame_4.jpg,71927,4873,0.0677,Moderate,False
cctv052x2004080518x01669,frame_5.jpg,70939,5861,0.0826,High,False
cctv052x2004080518x01670,frame_1.jpg,74651,2149,0.0288,Low,False
cctv052x2004080518x01670,frame_2.jpg,74490,2310,0.031,Low,False
cctv052x2004080518x01670,frame_3.jpg,73070,3730,0.051,Moderate,False
cctv052x2004080518x01670,frame_4.jpg,73401,3399,0.0463,Moderate,False
cctv052x2004080518x01670,frame_5.jpg,73539,3261,0.0443,Moderate,False
cctv052x2004080518x01671,frame_1.jpg,71537,5263,0.0736,Moderate,False
cctv052x2004080518x01671,frame_2.jpg,72245,4555,0.063,Moderate,False
cctv052x2004080518x01671,frame_3.jpg,72514,4286,0.0591,Moderate,False
cctv052x2004080518x01671,frame_4.jpg,71544,5256,0.0735,Moderate,False
cctv052x2004080518x01671,frame_5.jpg,71554,5246,0.0733,Moderate,False
cctv052x2004080518x01672,frame_1.jpg,72399,4401,0.0608,Moderate,False
cctv052x2004080518x01672,frame_2.jpg,74510,2290,0.0307,Low,False
cctv052x2004080518x01672,frame_3.jpg,73115,3685,0.0504,Moderate,False
cctv052x2004080518x01672,frame_4.jpg,73395,3405,0.0464,Moderate,False
cctv052x2004080518x01672,frame_5.jpg,72755,4045,0.0556,Moderate,False
cctv052x2004080518x01673,frame_1.jpg,73886,2914,0.0394,Low,False
cctv052x2004080518x01673,frame_2.jpg,73338,3462,0.0472,Moderate,False
cctv052x2004080518x01673,frame_3.jpg,74835,1965,0.0263,Low,False
cctv052x2004080518x01673,frame_4.jpg,75654,1146,0.0151,Low,False
cctv052x2004080518x01673,frame_5.jpg,74702,2098,0.0281,Low,False
cctv052x2004080518x01674,frame_1.jpg,72523,4277,0.059,Moderate,False
cctv052x2004080518x01674,frame_2.jpg,73416,3384,0.0461,Moderate,False
cctv052x2004080518x01674,frame_3.jpg,73677,3123,0.0424,Moderate,False
cctv052x2004080518x01674,frame_4.jpg,72664,4136,0.0569,Moderate,False
cctv052x2004080518x01674,frame_5.jpg,72779,4021,0.0552,Moderate,False
cctv052x2004080518x01675,frame_1.jpg,75579,1221,0.0162,Low,False
cctv052x2004080518x01675,frame_2.jpg,75038,1762,0.0235,Low,False
cctv052x2004080518x01675,frame_3.jpg,75892,908,0.012,Low,False
cctv052x2004080518x01675,frame_4.jpg,76683,117,0.0015,Low,False
cctv052x2004080518x01675,frame_5.jpg,76800,0,0.0,Low,False
cctv052x2004080518x01676,frame_1.jpg,75230,1570,0.0209,Low,False
cctv052x2004080518x01676,frame_2.jpg,76062,738,0.0097,Low,False
cctv052x2004080518x01676,frame_3.jpg,75637,1163,0.0154,Low,False
cctv052x2004080518x01676,frame_4.jpg,74441,2359,0.0317,Low,False
cctv052x2004080518x01676,frame_5.jpg,75589,1211,0.016,Low,False
cctv052x2004080518x01677,frame_1.jpg,75817,983,0.013,Low,False
cctv052x2004080518x01677,frame_2.jpg,74450,2350,0.0316,Low,False
cctv052x2004080518x01677,frame_3.jpg,75518,1282,0.017,Low,False
cctv052x2004080518x01677,frame_4.jpg,74717,2083,0.0279,Low,False
cctv052x2004080518x01677,frame_5.jpg,76010,790,0.0104,Low,False
cctv052x2004080519x01678,frame_1.jpg,75502,1298,0.0172,Low,False
cctv052x2004080519x01678,frame_2.jpg,74345,2455,0.033,Low,False
cctv052x2004080519x01678,frame_3.jpg,73204,3596,0.0491,Moderate,False
cctv052x2004080519x01678,frame_4.jpg,72682,4118,0.0567,Moderate,False
cctv052x2004080519x01678,frame_5.jpg,74386,2414,0.0325,Low,False
cctv052x2004080519x01679,frame_1.jpg,73388,3412,0.0465,Moderate,False
cctv052x2004080519x01679,frame_2.jpg,73803,2997,0.0406,Moderate,False
cctv052x2004080519x01679,frame_3.jpg,74513,2287,0.0307,Low,False
cctv052x2004080519x01679,frame_4.jpg,75280,1520,0.0202,Low,False
cctv052x2004080519x01679,frame_5.jpg,75810,990,0.0131,Low,False
cctv052x2004080519x01680,frame_1.jpg,73992,2808,0.038,Low,False
cctv052x2004080519x01680,frame_2.jpg,75145,1655,0.022,Low,False
cctv052x2004080519x01680,frame_3.jpg,76428,372,0.0049,Low,False
cctv052x2004080519x01680,frame_4.jpg,75367,1433,0.019,Low,False
cctv052x2004080519x01680,frame_5.jpg,75808,992,0.0131,Low,False
cctv052x2004080519x01681,frame_1.jpg,75489,1311,0.0174,Low,False
cctv052x2004080519x01681,frame_2.jpg,75558,1242,0.0164,Low,False
cctv052x2004080519x01681,frame_3.jpg,74072,2728,0.0368,Low,False
cctv052x2004080519x01681,frame_4.jpg,74244,2556,0.0344,Low,False
cctv052x2004080519x01681,frame_5.jpg,75358,1442,0.0191,Low,False
cctv052x2004080519x01682,frame_1.jpg,75572,1228,0.0162,Low,False
cctv052x2004080519x01682,frame_2.jpg,74688,2112,0.0283,Low,False
cctv052x2004080519x01682,frame_3.jpg,75510,1290,0.0171,Low,False
cctv052x2004080519x01682,frame_4.jpg,75975,825,0.0109,Low,False
cctv052x2004080519x01682,frame_5.jpg,75286,1514,0.0201,Low,False
cctv052x2004080519x01683,frame_1.jpg,74909,1891,0.0252,Low,False
cctv052x2004080519x01683,frame_2.jpg,74920,1880,0.0251,Low,False
cctv052x2004080519x01683,frame_3.jpg,75795,1005,0.0133,Low,False
cctv052x2004080519x01683,frame_4.jpg,76335,465,0.0061,Low,False
cctv052x2004080519x01683,frame_5.jpg,75635,1165,0.0154,Low,False
cctv052x2004080519x01684,frame_1.jpg,75458,1342,0.0178,Low,False
cctv052x2004080519x01684,frame_2.jpg,75548,1252,0.0166,Low,False
cctv052x2004080519x01684,frame_3.jpg,76153,647,0.0085,Low,False
cctv052x2004080519x01684,frame_4.jpg,75988,812,0.0107,Low,False
cctv052x2004080519x01684,frame_5.jpg,76053,747,0.0098,Low,False
cctv052x2004080519x01685,frame_1.jpg,76254,546,0.0072,Low,False
cctv052x2004080519x01685,frame_2.jpg,76110,690,0.0091,Low,False
cctv052x2004080519x01685,frame_3.jpg,75288,1512,0.0201,Low,False
cctv052x2004080519x01685,frame_4.jpg,75310,1490,0.0198,Low,False
cctv052x2004080519x01685,frame_5.jpg,74622,2178,0.0292,Low,False
cctv052x2004080519x01686,frame_1.jpg,76800,0,0.0,Low,False
cctv052x2004080519x01686,frame_2.jpg,76323,477,0.0062,Low,False
cctv052x2004080519x01686,frame_3.jpg,75925,875,0.0115,Low,False
cctv052x2004080519x01686,frame_4.jpg,75498,1302,0.0172,Low,False
cctv052x2004080519x01686,frame_5.jpg,76565,235,0.0031,Low,False
cctv052x2004080519x01687,frame_1.jpg,74687,2113,0.0283,Low,False
cctv052x2004080519x01687,frame_2.jpg,75930,870,0.0115,Low,False
cctv052x2004080519x01687,frame_3.jpg,75804,996,0.0131,Low,False
cctv052x2004080519x01687,frame_4.jpg,76012,788,0.0104,Low,False
cctv052x2004080519x01687,frame_5.jpg,76180,620,0.0081,Low,False
cctv052x2004080519x01688,frame_1.jpg,76120,680,0.0089,Low,False
cctv052x2004080519x01688,frame_2.jpg,76329,471,0.0062,Low,False
cctv052x2004080519x01688,frame_3.jpg,76694,106,0.0014,Low,False
cctv052x2004080519x01688,frame_4.jpg,76525,275,0.0036,Low,False
cctv052x2004080519x01688,frame_5.jpg,76072,728,0.0096,Low,False
cctv052x2004080519x01689,frame_1.jpg,74408,2392,0.0321,Low,False
cctv052x2004080519x01689,frame_2.jpg,75057,1743,0.0232,Low,False
cctv052x2004080519x01689,frame_3.jpg,74784,2016,0.027,Low,False
cctv052x2004080519x01689,frame_4.jpg,74461,2339,0.0314,Low,False
cctv052x2004080519x01689,frame_5.jpg,75093,1707,0.0227,Low,False
cctv052x2004080519x01690,frame_1.jpg,75254,1546,0.0205,Low,False
cctv052x2004080519x01690,frame_2.jpg,75127,1673,0.0223,Low,False
cctv052x2004080519x01690,frame_3.jpg,76021,779,0.0102,Low,False
cctv052x2004080519x01690,frame_4.jpg,75387,1413,0.0187,Low,False
cctv052x2004080519x01690,frame_5.jpg,76622,178,0.0023,Low,False
cctv052x2004080519x01691,frame_1.jpg,76100,700,0.0092,Low,False
cctv052x2004080519x01691,frame_2.jpg,72940,3860,0.0529,Moderate,False
cctv052x2004080519x01691,frame_3.jpg,74451,2349,0.0316,Low,False
cctv052x2004080519x01691,frame_4.jpg,74802,1998,0.0267,Low,False
cctv052x2004080519x01691,frame_5.jpg,75882,918,0.0121,Low,False
cctv052x2004080519x01692,frame_1.jpg,74346,2454,0.033,Low,False
cctv052x2004080519x01692,frame_2.jpg,74805,1995,0.0267,Low,False
cctv052x2004080519x01692,frame_3.jpg,76488,312,0.0041,Low,False
cctv052x2004080519x01692,frame_4.jpg,75376,1424,0.0189,Low,False
cctv052x2004080519x01692,frame_5.jpg,75406,1394,0.0185,Low,False
cctv052x2004080519x01693,frame_1.jpg,76162,638,0.0084,Low,False
cctv052x2004080519x01693,frame_2.jpg,75767,1033,0.0136,Low,False
cctv052x2004080519x01693,frame_3.jpg,75615,1185,0.0157,Low,False
cctv052x2004080519x01693,frame_4.jpg,76800,0,0.0,Low,False
cctv052x2004080519x01693,frame_5.jpg,76670,130,0.0017,Low,False
cctv052x2004080520x01694,frame_1.jpg,74917,1883,0.0251,Low,False
cctv052x2004080520x01694,frame_2.jpg,72986,3814,0.0523,Moderate,False
cctv052x2004080520x01694,frame_3.jpg,74052,2748,0.0371,Low,False
cctv052x2004080520x01694,frame_4.jpg,75362,1438,0.0191,Low,False
cctv052x2004080520x01694,frame_5.jpg,76039,761,0.01,Low,False
cctv052x2004080520x01695,frame_1.jpg,75567,1233,0.0163,Low,False
cctv052x2004080520x01695,frame_2.jpg,76056,744,0.0098,Low,False
cctv052x2004080520x01695,frame_3.jpg,76527,273,0.0036,Low,False
cctv052x2004080520x01695,frame_4.jpg,76800,0,0.0,Low,False
cctv052x2004080520x01695,frame_5.jpg,76340,460,0.006,Low,False
cctv052x2004080520x01697,frame_1.jpg,75260,1540,0.0205,Low,False
cctv052x2004080520x01697,frame_2.jpg,75199,1601,0.0213,Low,False
cctv052x2004080520x01697,frame_3.jpg,74152,2648,0.0357,Low,False
cctv052x2004080520x01697,frame_4.jpg,75044,1756,0.0234,Low,False
cctv052x2004080520x01697,frame_5.jpg,75345,1455,0.0193,Low,False
cctv052x2004080520x01698,frame_1.jpg,76411,389,0.0051,Low,False
cctv052x2004080520x01698,frame_2.jpg,74866,1934,0.0258,Low,False
cctv052x2004080520x01698,frame_3.jpg,75941,859,0.0113,Low,False
cctv052x2004080520x01698,frame_4.jpg,75868,932,0.0123,Low,False
cctv052x2004080520x01698,frame_5.jpg,75854,946,0.0125,Low,False
cctv052x2004080520x01699,frame_1.jpg,75883,917,0.0121,Low,False
cctv052x2004080520x01699,frame_2.jpg,76091,709,0.0093,Low,False
cctv052x2004080520x01699,frame_3.jpg,76485,315,0.0041,Low,False
cctv052x2004080520x01699,frame_4.jpg,75533,1267,0.0168,Low,False
cctv052x2004080520x01699,frame_5.jpg,76116,684,0.009,Low,False
cctv052x2004080520x01700,frame_1.jpg,74385,2415,0.0325,Low,False
cctv052x2004080520x01700,frame_2.jpg,74395,2405,0.0323,Low,False
cctv052x2004080520x01700,frame_3.jpg,74439,2361,0.0317,Low,False
cctv052x2004080520x01700,frame_4.jpg,75819,981,0.0129,Low,False
cctv052x2004080520x01700,frame_5.jpg,75944,856,0.0113,Low,False
cctv052x2004080606x01820,frame_1.jpg,75610,1190,0.0157,Low,False
cctv052x2004080606x01820,frame_2.jpg,76399,401,0.0052,Low,False
cctv052x2004080606x01820,frame_3.jpg,75778,1022,0.0135,Low,False
cctv052x2004080606x01820,frame_4.jpg,76348,452,0.0059,Low,False
cctv052x2004080606x01820,frame_5.jpg,76576,224,0.0029,Low,False
cctv052x2004080606x01821,frame_1.jpg,74001,2799,0.0378,Low,False
cctv052x2004080606x01821,frame_2.jpg,75803,997,0.0132,Low,False
cctv052x2004080606x01821,frame_3.jpg,75983,817,0.0108,Low,False
cctv052x2004080606x01821,frame_4.jpg,76532,268,0.0035,Low,False
cctv052x2004080606x01821,frame_5.jpg,76800,0,0.0,Low,False
cctv052x2004080606x01822,frame_1.jpg,76710,90,0.0012,Low,False
cctv052x2004080606x01822,frame_2.jpg,75835,965,0.0127,Low,False
cctv052x2004080606x01822,frame_3.jpg,76594,206,0.0027,Low,False
cctv052x2004080606x01822,frame_4.jpg,75570,1230,0.0163,Low,False
cctv052x2004080606x01822,frame_5.jpg,76203,597,0.0078,Low,False
cctv052x2004080606x01823,frame_1.jpg,76151,649,0.0085,Low,False
cctv052x2004080606x01823,frame_2.jpg,75613,1187,0.0157,Low,False
cctv052x2004080606x01823,frame_3.jpg,76248,552,0.0072,Low,False
cctv052x2004080606x01823,frame_4.jpg,76356,444,0.0058,Low,False
cctv052x2004080606x01823,frame_5.jpg,76665,135,0.0018,Low,False
cctv052x2004080606x01824,frame_1.jpg,76426,374,0.0049,Low,False
cctv052x2004080606x01824,frame_2.jpg,76800,0,0.0,Low,False
cctv052x2004080606x01824,frame_3.jpg,74875,1925,0.0257,Low,False
cctv052x2004080606x01824,frame_4.jpg,74877,1923,0.0257,Low,False
cctv052x2004080606x01824,frame_5.jpg,75875,925,0.0122,Low,False
cctv052x2004080606x01826,frame_1.jpg,75163,1637,0.0218,Low,False
cctv052x2004080606x01826,frame_2.jpg,75785,1015,0.0134,Low,False
cctv052x2004080606x01826,frame_3.jpg,76800,0,0.0,Low,False
cctv052x2004080606x01826,frame_4.jpg,74615,2185,0.0293,Low,False
cctv052x2004080606x01826,frame_5.jpg,76226,574,0.0075,Low,False
cctv052x2004080606x01827,frame_1.jpg,76218,582,0.0076,Low,False
cctv052x2004080606x01827,frame_2.jpg,73313,3487,0.0476,Moderate,False
cctv052x2004080606x01827,frame_3.jpg,74837,1963,0.0262,Low,False
cctv052x2004080606x01827,frame_4.jpg,75780,1020,0.0135,Low,False
cctv052x2004080606x01827,frame_5.jpg,76582,218,0.0028,Low,False
cctv052x2004080606x01828,frame_1.jpg,76387,413,0.0054,Low,False
cctv052x2004080606x01828,frame_2.jpg,76715,85,0.0011,Low,False
cctv052x2004080606x01828,frame_3.jpg,75003,1797,0.024,Low,False
cctv052x2004080606x01828,frame_4.jpg,75982,818,0.0108,Low,False
cctv052x2004080606x01828,frame_5.jpg,75818,982,0.013,Low,False
cctv052x2004080606x01829,frame_1.jpg,75799,1001,0.0132,Low,False
cctv052x2004080606x01829,frame_2.jpg,75923,877,0.0116,Low,False
cctv052x2004080606x01829,frame_3.jpg,76800,0,0.0,Low,False
cctv052x2004080606x01829,frame_4.jpg,74913,1887,0.0252,Low,False
cctv052x2004080606x01829,frame_5.jpg,76284,516,0.0068,Low,False
cctv052x2004080606x01830,frame_1.jpg,76433,367,0.0048,Low,False
cctv052x2004080606x01830,frame_2.jpg,76198,602,0.0079,Low,False
cctv052x2004080606x01830,frame_3.jpg,76800,0,0.0,Low,False
cctv052x2004080606x01830,frame_4.jpg,75768,1032,0.0136,Low,False
cctv052x2004080606x01830,frame_5.jpg,76421,379,0.005,Low,False
cctv052x2004080606x01831,frame_1.jpg,76478,322,0.0042,Low,False
cctv052x2004080606x01831,frame_2.jpg,74346,2454,0.033,Low,False
cctv052x2004080606x01831,frame_3.jpg,76261,539,0.0071,Low,False
cctv052x2004080606x01831,frame_4.jpg,75185,1615,0.0215,Low,False
cctv052x2004080606x01831,frame_5.jpg,76198,602,0.0079,Low,False
cctv052x2004080606x01832,frame_1.jpg,75932,868,0.0114,Low,False
cctv052x2004080606x01832,frame_2.jpg,76800,0,0.0,Low,False
cctv052x2004080606x01832,frame_3.jpg,76685,115,0.0015,Low,False
cctv052x2004080606x01832,frame_4.jpg,76800,0,0.0,Low,False
cctv052x2004080606x01832,frame_5.jpg,76744,56,0.0007,Low,False
cctv052x2004080606x01833,frame_1.jpg,76302,498,0.0065,Low,False
cctv052x2004080606x01833,frame_2.jpg,76558,242,0.0032,Low,False
cctv052x2004080606x01833,frame_3.jpg,76800,0,0.0,Low,False
cctv052x2004080606x01833,frame_4.jpg,76176,624,0.0082,Low,False
cctv052x2004080606x01833,frame_5.jpg,75869,931,0.0123,Low,False
cctv052x2004080606x01834,frame_1.jpg,74466,2334,0.0313,Low,False
cctv052x2004080606x01834,frame_2.jpg,75636,1164,0.0154,Low,False
cctv052x2004080606x01834,frame_3.jpg,75262,1538,0.0204,Low,False
cctv052x2004080606x01834,frame_4.jpg,75467,1333,0.0177,Low,False
cctv052x2004080606x01834,frame_5.jpg,74747,2053,0.0275,Low,False
cctv052x2004080607x01835,frame_1.jpg,76522,278,0.0036,Low,False
cctv052x2004080607x01835,frame_2.jpg,76709,91,0.0012,Low,False
cctv052x2004080607x01835,frame_3.jpg,76800,0,0.0,Low,False
cctv052x2004080607x01835,frame_4.jpg,75876,924,0.0122,Low,False
cctv052x2004080607x01835,frame_5.jpg,76183,617,0.0081,Low,False
cctv052x2004080607x01836,frame_1.jpg,74739,2061,0.0276,Low,False
cctv052x2004080607x01836,frame_2.jpg,75540,1260,0.0167,Low,False
cctv052x2004080607x01836,frame_3.jpg,75516,1284,0.017,Low,False
cctv052x2004080607x01836,frame_4.jpg,75305,1495,0.0199,Low,False
cctv052x2004080607x01836,frame_5.jpg,76184,616,0.0081,Low,False
cctv052x2004080607x01837,frame_1.jpg,76800,0,0.0,Low,False
cctv052x2004080607x01837,frame_2.jpg,76800,0,0.0,Low,False
cctv052x2004080607x01837,frame_3.jpg,76800,0,0.0,Low,False
cctv052x2004080607x01837,frame_4.jpg,76800,0,0.0,Low,False
cctv052x2004080607x01837,frame_5.jpg,76800,0,0.0,Low,False
cctv052x2004080607x01838,frame_1.jpg,75194,1606,0.0214,Low,False
cctv052x2004080607x01838,frame_2.jpg,74328,2472,0.0333,Low,False
cctv052x2004080607x01838,frame_3.jpg,75494,1306,0.0173,Low,False
cctv052x2004080607x01838,frame_4.jpg,74500,2300,0.0309,Low,False
cctv052x2004080607x01838,frame_5.jpg,76386,414,0.0054,Low,False
cctv052x2004080607x01839,frame_1.jpg,76265,535,0.007,Low,False
cctv052x2004080607x01839,frame_2.jpg,75598,1202,0.0159,Low,False
cctv052x2004080607x01839,frame_3.jpg,75367,1433,0.019,Low,False
cctv052x2004080607x01839,frame_4.jpg,76309,491,0.0064,Low,False
cctv052x2004080607x01839,frame_5.jpg,76274,526,0.0069,Low,False
cctv052x2004080607x01840,frame_1.jpg,76077,723,0.0095,Low,False
cctv052x2004080607x01840,frame_2.jpg,76800,0,0.0,Low,False
cctv052x2004080607x01840,frame_3.jpg,76446,354,0.0046,Low,False
cctv052x2004080607x01840,frame_4.jpg,76800,0,0.0,Low,False
cctv052x2004080607x01840,frame_5.jpg,76274,526,0.0069,Low,False
cctv052x2004080607x01841,frame_1.jpg,76633,167,0.0022,Low,False
cctv052x2004080607x01841,frame_2.jpg,76672,128,0.0017,Low,False
cctv052x2004080607x01841,frame_3.jpg,76307,493,0.0065,Low,False
cctv052x2004080607x01841,frame_4.jpg,76370,430,0.0056,Low,False
cctv052x2004080607x01841,frame_5.jpg,76678,122,0.0016,Low,False
cctv052x2004080607x01842,frame_1.jpg,76800,0,0.0,Low,False
cctv052x2004080607x01842,frame_2.jpg,43424,33376,0.7686,unusual congestion,True
cctv052x2004080607x01842,frame_3.jpg,76800,0,0.0,Low,False
cctv052x2004080607x01842,frame_4.jpg,76800,0,0.0,Low,False
cctv052x2004080607x01842,frame_5.jpg,76800,0,0.0,Low,False
cctv052x2004080607x01843,frame_1.jpg,76800,0,0.0,Low,False
cctv052x2004080607x01843,frame_2.jpg,76800,0,0.0,Low,False
cctv052x2004080607x01843,frame_3.jpg,76800,0,0.0,Low,False
cctv052x2004080607x01843,frame_4.jpg,76800,0,0.0,Low,False
cctv052x2004080607x01843,frame_5.jpg,76195,605,0.0079,Low,False
cctv052x2004080607x01844,frame_1.jpg,76800,0,0.0,Low,False
cctv052x2004080607x01844,frame_2.jpg,76800,0,0.0,Low,False
cctv052x2004080607x01844,frame_3.jpg,76645,155,0.002,Low,False
cctv052x2004080607x01844,frame_4.jpg,76800,0,0.0,Low,False
cctv052x2004080607x01844,frame_5.jpg,76800,0,0.0,Low,False
cctv052x2004080607x01845,frame_1.jpg,71144,5656,0.0795,Moderate,False
cctv052x2004080607x01845,frame_2.jpg,76520,280,0.0037,Low,False
cctv052x2004080607x01845,frame_3.jpg,76800,0,0.0,Low,False
cctv052x2004080607x01845,frame_4.jpg,76800,0,0.0,Low,False
cctv052x2004080607x01845,frame_5.jpg,76139,661,0.0087,Low,False
cctv052x2004080607x01846,frame_1.jpg,76634,166,0.0022,Low,False
cctv052x2004080607x01846,frame_2.jpg,76800,0,0.0,Low,False
cctv052x2004080607x01846,frame_3.jpg,76800,0,0.0,Low,False
cctv052x2004080607x01846,frame_4.jpg,76524,276,0.0036,Low,False
cctv052x2004080607x01846,frame_5.jpg,76800,0,0.0,Low,False
cctv052x2004080607x01847,frame_1.jpg,76800,0,0.0,Low,False
cctv052x2004080607x01847,frame_2.jpg,70526,6274,0.089,High,False
cctv052x2004080607x01847,frame_3.jpg,74078,2722,0.0367,Low,False
cctv052x2004080607x01847,frame_4.jpg,75287,1513,0.0201,Low,False
cctv052x2004080607x01847,frame_5.jpg,76800,0,0.0,Low,False
cctv052x2004080607x01848,frame_1.jpg,76419,381,0.005,Low,False
cctv052x2004080607x01848,frame_2.jpg,76675,125,0.0016,Low,False
cctv052x2004080607x01848,frame_3.jpg,76391,409,0.0054,Low,False
cctv052x2004080607x01848,frame_4.jpg,76616,184,0.0024,Low,False
cctv052x2004080607x01848,frame_5.jpg,76595,205,0.0027,Low,False
cctv052x2004080608x01849,frame_1.jpg,75023,1777,0.0237,Low,False
cctv052x2004080608x01849,frame_2.jpg,76596,204,0.0027,Low,False
cctv052x2004080608x01849,frame_3.jpg,76681,119,0.0016,Low,False
cctv052x2004080608x01849,frame_4.jpg,76800,0,0.0,Low,False
cctv052x2004080608x01849,frame_5.jpg,76099,701,0.0092,Low,False
cctv052x2004080608x01850,frame_1.jpg,76563,237,0.0031,Low,False
cctv052x2004080608x01850,frame_2.jpg,76800,0,0.0,Low,False
cctv052x2004080608x01850,frame_3.jpg,76800,0,0.0,Low,False
cctv052x2004080608x01850,frame_4.jpg,76800,0,0.0,Low,False
cctv052x2004080608x01850,frame_5.jpg,76800,0,0.0,Low,False
cctv052x2004080608x01851,frame_1.jpg,75607,1193,0.0158,Low,False
cctv052x2004080608x01851,frame_2.jpg,74675,2125,0.0285,Low,False
cctv052x2004080608x01851,frame_3.jpg,75664,1136,0.015,Low,False
cctv052x2004080608x01851,frame_4.jpg,74741,2059,0.0275,Low,False
cctv052x2004080608x01851,frame_5.jpg,76173,627,0.0082,Low,False
cctv052x2004080608x01852,frame_1.jpg,75370,1430,0.019,Low,False
cctv052x2004080608x01852,frame_2.jpg,75949,851,0.0112,Low,False
cctv052x2004080608x01852,frame_3.jpg,76005,795,0.0105,Low,False
cctv052x2004080608x01852,frame_4.jpg,76603,197,0.0026,Low,False
cctv052x2004080608x01852,frame_5.jpg,76800,0,0.0,Low,False
cctv052x2004080608x01853,frame_1.jpg,75025,1775,0.0237,Low,False
cctv052x2004080608x01853,frame_2.jpg,74666,2134,0.0286,Low,False
cctv052x2004080608x01853,frame_3.jpg,74417,2383,0.032,Low,False
cctv052x2004080608x01853,frame_4.jpg,74502,2298,0.0308,Low,False
cctv052x2004080608x01853,frame_5.jpg,76124,676,0.0089,Low,False
cctv052x2004080608x01854,frame_1.jpg,73941,2859,0.0387,Low,False
cctv052x2004080608x01854,frame_2.jpg,75410,1390,0.0184,Low,False
cctv052x2004080608x01854,frame_3.jpg,75847,953,0.0126,Low,False
cctv052x2004080608x01854,frame_4.jpg,75910,890,0.0117,Low,False
cctv052x2004080608x01854,frame_5.jpg,75450,1350,0.0179,Low,False
cctv052x2004080608x01855,frame_1.jpg,75468,1332,0.0176,Low,False
cctv052x2004080608x01855,frame_2.jpg,72084,4716,0.0654,Moderate,False
cctv052x2004080608x01855,frame_3.jpg,75601,1199,0.0159,Low,False
cctv052x2004080608x01855,frame_4.jpg,75345,1455,0.0193,Low,False
cctv052x2004080608x01855,frame_5.jpg,75656,1144,0.0151,Low,False
cctv052x2004080608x01856,frame_1.jpg,76621,179,0.0023,Low,False
cctv052x2004080608x01856,frame_2.jpg,76800,0,0.0,Low,False
cctv052x2004080608x01856,frame_3.jpg,76499,301,0.0039,Low,False
cctv052x2004080608x01856,frame_4.jpg,75800,1000,0.0132,Low,False
cctv052x2004080608x01856,frame_5.jpg,76583,217,0.0028,Low,False
cctv052x2004080608x01857,frame_1.jpg,75978,822,0.0108,Low,False
cctv052x2004080608x01857,frame_2.jpg,74286,2514,0.0338,Low,False
cctv052x2004080608x01857,frame_3.jpg,74986,1814,0.0242,Low,False
cctv052x2004080608x01857,frame_4.jpg,75773,1027,0.0136,Low,False
cctv052x2004080608x01857,frame_5.jpg,76800,0,0.0,Low,False
cctv052x2004080608x01858,frame_1.jpg,76728,72,0.0009,Low,False
cctv052x2004080608x01858,frame_2.jpg,76394,406,0.0053,Low,False
cctv052x2004080608x01858,frame_3.jpg,75465,1335,0.0177,Low,False
cctv052x2004080608x01858,frame_4.jpg,76302,498,0.0065,Low,False
cctv052x2004080608x01858,frame_5.jpg,75441,1359,0.018,Low,False
cctv052x2004080609x01859,frame_1.jpg,75200,1600,0.0213,Low,False
cctv052x2004080609x01859,frame_2.jpg,76080,720,0.0095,Low,False
cctv052x2004080609x01859,frame_3.jpg,76800,0,0.0,Low,False
cctv052x2004080609x01859,frame_4.jpg,76800,0,0.0,Low,False
cctv052x2004080609x01859,frame_5.jpg,76800,0,0.0,Low,False
cctv052x2004080609x01860,frame_1.jpg,75855,945,0.0125,Low,False
cctv052x2004080609x01860,frame_2.jpg,76800,0,0.0,Low,False
cctv052x2004080609x01860,frame_3.jpg,75965,835,0.011,Low,False
cctv052x2004080609x01860,frame_4.jpg,75581,1219,0.0161,Low,False
cctv052x2004080609x01860,frame_5.jpg,75733,1067,0.0141,Low,False
cctv052x2004080609x01861,frame_1.jpg,76800,0,0.0,Low,False
cctv052x2004080609x01861,frame_2.jpg,76800,0,0.0,Low,False
cctv052x2004080609x01861,frame_3.jpg,76800,0,0.0,Low,False
cctv052x2004080609x01861,frame_4.jpg,76312,488,0.0064,Low,False
cctv052x2004080609x01861,frame_5.jpg,76800,0,0.0,Low,False
cctv052x2004080609x01862,frame_1.jpg,76800,0,0.0,Low,False
cctv052x2004080609x01862,frame_2.jpg,75384,1416,0.0188,Low,False
cctv052x2004080609x01862,frame_3.jpg,76276,524,0.0069,Low,False
cctv052x2004080609x01862,frame_4.jpg,76800,0,0.0,Low,False
cctv052x2004080609x01862,frame_5.jpg,75903,897,0.0118,Low,False
cctv052x2004080609x01863,frame_1.jpg,76122,678,0.0089,Low,False
cctv052x2004080609x01863,frame_2.jpg,76580,220,0.0029,Low,False
cctv052x2004080609x01863,frame_3.jpg,76800,0,0.0,Low,False
cctv052x2004080609x01863,frame_4.jpg,76800,0,0.0,Low,False
cctv052x2004080609x01863,frame_5.jpg,76563,237,0.0031,Low,False
cctv052x2004080609x01864,frame_1.jpg,74985,1815,0.0242,Low,False
cctv052x2004080609x01864,frame_2.jpg,75816,984,0.013,Low,False
cctv052x2004080609x01864,frame_3.jpg,74752,2048,0.0274,Low,False
cctv052x2004080609x01864,frame_4.jpg,75478,1322,0.0175,Low,False
cctv052x2004080609x01864,frame_5.jpg,75945,855,0.0113,Low,False
cctv052x2004080609x01865,frame_1.jpg,76498,302,0.0039,Low,False
cctv052x2004080609x01865,frame_2.jpg,76800,0,0.0,Low,False
cctv052x2004080609x01865,frame_3.jpg,76800,0,0.0,Low,False
cctv052x2004080609x01865,frame_4.jpg,76800,0,0.0,Low,False
cctv052x2004080609x01865,frame_5.jpg,76035,765,0.0101,Low,False
cctv052x2004080609x01866,frame_1.jpg,76800,0,0.0,Low,False
cctv052x2004080609x01866,frame_2.jpg,75024,1776,0.0237,Low,False
cctv052x2004080609x01866,frame_3.jpg,75719,1081,0.0143,Low,False
cctv052x2004080609x01866,frame_4.jpg,75508,1292,0.0171,Low,False
cctv052x2004080609x01866,frame_5.jpg,76761,39,0.0005,Low,False
cctv052x2004080609x01867,frame_1.jpg,75026,1774,0.0236,Low,False
cctv052x2004080609x01867,frame_2.jpg,76725,75,0.001,Low,False
cctv052x2004080609x01867,frame_3.jpg,75809,991,0.0131,Low,False
cctv052x2004080609x01867,frame_4.jpg,75954,846,0.0111,Low,False
cctv052x2004080609x01867,frame_5.jpg,75443,1357,0.018,Low,False
cctv052x2004080609x01869,frame_1.jpg,74968,1832,0.0244,Low,False
cctv052x2004080609x01869,frame_2.jpg,75373,1427,0.0189,Low,False
cctv052x2004080609x01869,frame_3.jpg,75517,1283,0.017,Low,False
cctv052x2004080609x01869,frame_4.jpg,74639,2161,0.029,Low,False
cctv052x2004080609x01869,frame_5.jpg,75648,1152,0.0152,Low,False
cctv052x2004080609x01870,frame_1.jpg,74877,1923,0.0257,Low,False
cctv052x2004080609x01870,frame_2.jpg,74369,2431,0.0327,Low,False
cctv052x2004080609x01870,frame_3.jpg,75510,1290,0.0171,Low,False
cctv052x2004080609x01870,frame_4.jpg,76027,773,0.0102,Low,False
cctv052x2004080609x01870,frame_5.jpg,75889,911,0.012,Low,False
cctv052x2004080609x01871,frame_1.jpg,76800,0,0.0,Low,False
cctv052x2004080609x01871,frame_2.jpg,76673,127,0.0017,Low,False
cctv052x2004080609x01871,frame_3.jpg,76800,0,0.0,Low,False
cctv052x2004080609x01871,frame_4.jpg,76283,517,0.0068,Low,False
cctv052x2004080609x01871,frame_5.jpg,76800,0,0.0,Low,False
cctv052x2004080609x01872,frame_1.jpg,73978,2822,0.0381,Low,False
cctv052x2004080609x01872,frame_2.jpg,76430,370,0.0048,Low,False
cctv052x2004080609x01872,frame_3.jpg,75794,1006,0.0133,Low,False
cctv052x2004080609x01872,frame_4.jpg,75125,1675,0.0223,Low,False
cctv052x2004080609x01872,frame_5.jpg,75604,1196,0.0158,Low,False
cctv052x2004080609x01873,frame_1.jpg,76800,0,0.0,Low,False
cctv052x2004080609x01873,frame_2.jpg,72967,3833,0.0525,Moderate,False
cctv052x2004080609x01873,frame_3.jpg,72904,3896,0.0534,Moderate,False
cctv052x2004080609x01873,frame_4.jpg,74073,2727,0.0368,Low,False
cctv052x2004080609x01873,frame_5.jpg,76563,237,0.0031,Low,False
cctv052x2004080609x01874,frame_1.jpg,75932,868,0.0114,Low,False
cctv052x2004080609x01874,frame_2.jpg,76460,340,0.0044,Low,False
cctv052x2004080609x01874,frame_3.jpg,76207,593,0.0078,Low,False
cctv052x2004080609x01874,frame_4.jpg,76800,0,0.0,Low,False
cctv052x2004080609x01874,frame_5.jpg,76210,590,0.0077,Low,False
cctv052x2004080609x01875,frame_1.jpg,75703,1097,0.0145,Low,False
cctv052x2004080609x01875,frame_2.jpg,73380,3420,0.0466,Moderate,False
cctv052x2004080609x01875,frame_3.jpg,75253,1547,0.0206,Low,False
cctv052x2004080609x01875,frame_4.jpg,76800,0,0.0,Low,False
cctv052x2004080609x01875,frame_5.jpg,76625,175,0.0023,Low,False
cctv052x2004080609x01876,frame_1.jpg,76800,0,0.0,Low,False
cctv052x2004080609x01876,frame_2.jpg,76800,0,0.0,Low,False
cctv052x2004080609x01876,frame_3.jpg,76261,539,0.0071,Low,False
cctv052x2004080609x01876,frame_4.jpg,76800,0,0.0,Low,False
cctv052x2004080609x01876,frame_5.jpg,76800,0,0.0,Low,False
cctv052x2004080610x01877,frame_1.jpg,75853,947,0.0125,Low,False
cctv052x2004080610x01877,frame_2.jpg,76800,0,0.0,Low,False
cctv052x2004080610x01877,frame_3.jpg,74861,1939,0.0259,Low,False
cctv052x2004080610x01877,frame_4.jpg,76142,658,0.0086,Low,False
cctv052x2004080610x01877,frame_5.jpg,76675,125,0.0016,Low,False
cctv052x2004080610x01878,frame_1.jpg,76800,0,0.0,Low,False
cctv052x2004080610x01878,frame_2.jpg,76800,0,0.0,Low,False
cctv052x2004080610x01878,frame_3.jpg,76800,0,0.0,Low,False
cctv052x2004080610x01878,frame_4.jpg,76800,0,0.0,Low,False
cctv052x2004080610x01878,frame_5.jpg,45162,31638,0.7005,unusual congestion,True
cctv052x2004080610x01879,frame_1.jpg,74566,2234,0.03,Low,False
cctv052x2004080610x01879,frame_2.jpg,76800,0,0.0,Low,False
cctv052x2004080610x01879,frame_3.jpg,75595,1205,0.0159,Low,False
cctv052x2004080610x01879,frame_4.jpg,76800,0,0.0,Low,False
cctv052x2004080610x01879,frame_5.jpg,75412,1388,0.0184,Low,False
cctv052x2004080610x01880,frame_1.jpg,74283,2517,0.0339,Low,False
cctv052x2004080610x01880,frame_2.jpg,75970,830,0.0109,Low,False
cctv052x2004080610x01880,frame_3.jpg,76104,696,0.0091,Low,False
cctv052x2004080610x01880,frame_4.jpg,76800,0,0.0,Low,False
cctv052x2004080610x01880,frame_5.jpg,76537,263,0.0034,Low,False
cctv052x2004080610x01881,frame_1.jpg,75102,1698,0.0226,Low,False
cctv052x2004080610x01881,frame_2.jpg,76800,0,0.0,Low,False
cctv052x2004080610x01881,frame_3.jpg,75428,1372,0.0182,Low,False
cctv052x2004080610x01881,frame_4.jpg,75994,806,0.0106,Low,False
cctv052x2004080610x01881,frame_5.jpg,75557,1243,0.0165,Low,False
cctv052x2004080610x01882,frame_1.jpg,76800,0,0.0,Low,False
cctv052x2004080610x01882,frame_2.jpg,76800,0,0.0,Low,False
cctv052x2004080610x01882,frame_3.jpg,75992,808,0.0106,Low,False
cctv052x2004080610x01882,frame_4.jpg,74163,2637,0.0356,Low,False
cctv052x2004080610x01882,frame_5.jpg,75107,1693,0.0225,Low,False
cctv052x2004080610x01883,frame_1.jpg,74292,2508,0.0338,Low,False
cctv052x2004080610x01883,frame_2.jpg,76308,492,0.0064,Low,False
cctv052x2004080610x01883,frame_3.jpg,76725,75,0.001,Low,False
cctv052x2004080610x01883,frame_4.jpg,75273,1527,0.0203,Low,False
cctv052x2004080610x01883,frame_5.jpg,76800,0,0.0,Low,False
cctv052x2004080610x01884,frame_1.jpg,75144,1656,0.022,Low,False
cctv052x2004080610x01884,frame_2.jpg,76144,656,0.0086,Low,False
cctv052x2004080610x01884,frame_3.jpg,74074,2726,0.0368,Low,False
cctv052x2004080610x01884,frame_4.jpg,74542,2258,0.0303,Low,False
cctv052x2004080610x01884,frame_5.jpg,75642,1158,0.0153,Low,False
cctv052x2004080610x01885,frame_1.jpg,76111,689,0.0091,Low,False
cctv052x2004080610x01885,frame_2.jpg,76207,593,0.0078,Low,False
cctv052x2004080610x01885,frame_3.jpg,76246,554,0.0073,Low,False
cctv052x2004080610x01885,frame_4.jpg,76225,575,0.0075,Low,False
cctv052x2004080610x01885,frame_5.jpg,75581,1219,0.0161,Low,False
cctv052x2004080610x01886,frame_1.jpg,75110,1690,0.0225,Low,False
cctv052x2004080610x01886,frame_2.jpg,76205,595,0.0078,Low,False
cctv052x2004080610x01886,frame_3.jpg,75315,1485,0.0197,Low,False
cctv052x2004080610x01886,frame_4.jpg,75167,1633,0.0217,Low,False
cctv052x2004080610x01886,frame_5.jpg,75677,1123,0.0148,Low,False
cctv052x2004080610x01887,frame_1.jpg,74886,1914,0.0256,Low,False
cctv052x2004080610x01887,frame_2.jpg,75791,1009,0.0133,Low,False
cctv052x2004080610x01887,frame_3.jpg,76340,460,0.006,Low,False
cctv052x2004080610x01887,frame_4.jpg,76621,179,0.0023,Low,False
cctv052x2004080610x01887,frame_5.jpg,75064,1736,0.0231,Low,False
cctv052x2004080610x01889,frame_1.jpg,73393,3407,0.0464,Moderate,False
cctv052x2004080610x01889,frame_2.jpg,75769,1031,0.0136,Low,False
cctv052x2004080610x01889,frame_3.jpg,76436,364,0.0048,Low,False
cctv052x2004080610x01889,frame_4.jpg,75246,1554,0.0207,Low,False
cctv052x2004080610x01889,frame_5.jpg,76555,245,0.0032,Low,False
cctv052x2004080610x01890,frame_1.jpg,76161,639,0.0084,Low,False
cctv052x2004080610x01890,frame_2.jpg,73694,3106,0.0421,Moderate,False
cctv052x2004080610x01890,frame_3.jpg,74170,2630,0.0355,Low,False
cctv052x2004080610x01890,frame_4.jpg,74242,2558,0.0345,Low,False
cctv052x2004080610x01890,frame_5.jpg,74102,2698,0.0364,Low,False
cctv052x2004080610x01891,frame_1.jpg,74306,2494,0.0336,Low,False
cctv052x2004080610x01891,frame_2.jpg,76226,574,0.0075,Low,False
cctv052x2004080610x01891,frame_3.jpg,76417,383,0.005,Low,False
cctv052x2004080610x01891,frame_4.jpg,75474,1326,0.0176,Low,False
cctv052x2004080610x01891,frame_5.jpg,76176,624,0.0082,Low,False
cctv052x2004080610x01892,frame_1.jpg,75792,1008,0.0133,Low,False
cctv052x2004080610x01892,frame_2.jpg,75458,1342,0.0178,Low,False
cctv052x2004080610x01892,frame_3.jpg,75617,1183,0.0156,Low,False
cctv052x2004080610x01892,frame_4.jpg,76613,187,0.0024,Low,False
cctv052x2004080610x01892,frame_5.jpg,76226,574,0.0075,Low,False
cctv052x2004080611x01894,frame_1.jpg,75054,1746,0.0233,Low,False
cctv052x2004080611x01894,frame_2.jpg,75894,906,0.0119,Low,False
cctv052x2004080611x01894,frame_3.jpg,76663,137,0.0018,Low,False
cctv052x2004080611x01894,frame_4.jpg,76800,0,0.0,Low,False
cctv052x2004080611x01894,frame_5.jpg,74135,2665,0.0359,Low,False
cctv052x2004080611x01895,frame_1.jpg,74423,2377,0.0319,Low,False
cctv052x2004080611x01895,frame_2.jpg,76194,606,0.008,Low,False
cctv052x2004080611x01895,frame_3.jpg,76398,402,0.0053,Low,False
cctv052x2004080611x01895,frame_4.jpg,76800,0,0.0,Low,False
cctv052x2004080611x01895,frame_5.jpg,76800,0,0.0,Low,False
cctv052x2004080611x01896,frame_1.jpg,75291,1509,0.02,Low,False
cctv052x2004080611x01896,frame_2.jpg,75632,1168,0.0154,Low,False
cctv052x2004080611x01896,frame_3.jpg,75154,1646,0.0219,Low,False
cctv052x2004080611x01896,frame_4.jpg,75042,1758,0.0234,Low,False
cctv052x2004080611x01896,frame_5.jpg,76101,699,0.0092,Low,False
cctv052x2004080611x01897,frame_1.jpg,75888,912,0.012,Low,False
cctv052x2004080611x01897,frame_2.jpg,76371,429,0.0056,Low,False
cctv052x2004080611x01897,frame_3.jpg,76707,93,0.0012,Low,False
cctv052x2004080611x01897,frame_4.jpg,76195,605,0.0079,Low,False
cctv052x2004080611x01897,frame_5.jpg,76521,279,0.0036,Low,False
cctv052x2004080611x01898,frame_1.jpg,75373,1427,0.0189,Low,False
cctv052x2004080611x01898,frame_2.jpg,74833,1967,0.0263,Low,False
cctv052x2004080611x01898,frame_3.jpg,75044,1756,0.0234,Low,False
cctv052x2004080611x01898,frame_4.jpg,75101,1699,0.0226,Low,False
cctv052x2004080611x01898,frame_5.jpg,76273,527,0.0069,Low,False
cctv052x2004080611x01899,frame_1.jpg,76800,0,0.0,Low,False
cctv052x2004080611x01899,frame_2.jpg,75829,971,0.0128,Low,False
cctv052x2004080611x01899,frame_3.jpg,76072,728,0.0096,Low,False
cctv052x2004080611x01899,frame_4.jpg,76481,319,0.0042,Low,False
cctv052x2004080611x01899,frame_5.jpg,76800,0,0.0,Low,False
cctv052x2004080611x01900,frame_1.jpg,74116,2684,0.0362,Low,False
cctv052x2004080611x01900,frame_2.jpg,75931,869,0.0114,Low,False
cctv052x2004080611x01900,frame_3.jpg,76309,491,0.0064,Low,False
cctv052x2004080611x01900,frame_4.jpg,76800,0,0.0,Low,False
cctv052x2004080611x01900,frame_5.jpg,75662,1138,0.015,Low,False
cctv052x2004080611x01901,frame_1.jpg,76592,208,0.0027,Low,False
cctv052x2004080611x01901,frame_2.jpg,75948,852,0.0112,Low,False
cctv052x2004080611x01901,frame_3.jpg,76484,316,0.0041,Low,False
cctv052x2004080611x01901,frame_4.jpg,76800,0,0.0,Low,False
cctv052x2004080611x01901,frame_5.jpg,71766,5034,0.0701,Moderate,False
cctv052x2004080611x01902,frame_1.jpg,76106,694,0.0091,Low,False
cctv052x2004080611x01902,frame_2.jpg,76076,724,0.0095,Low,False
cctv052x2004080611x01902,frame_3.jpg,75375,1425,0.0189,Low,False
cctv052x2004080611x01902,frame_4.jpg,76547,253,0.0033,Low,False
cctv052x2004080611x01902,frame_5.jpg,74555,2245,0.0301,Low,False
cctv052x2004080611x01903,frame_1.jpg,75015,1785,0.0238,Low,False
cctv052x2004080611x01903,frame_2.jpg,75780,1020,0.0135,Low,False
cctv052x2004080611x01903,frame_3.jpg,76417,383,0.005,Low,False
cctv052x2004080611x01903,frame_4.jpg,76641,159,0.0021,Low,False
cctv052x2004080611x01903,frame_5.jpg,72011,4789,0.0665,Moderate,False
cctv052x2004080611x01904,frame_1.jpg,75793,1007,0.0133,Low,False
cctv052x2004080611x01904,frame_2.jpg,76124,676,0.0089,Low,False
cctv052x2004080611x01904,frame_3.jpg,74450,2350,0.0316,Low,False
cctv052x2004080611x01904,frame_4.jpg,76800,0,0.0,Low,False
cctv052x2004080611x01904,frame_5.jpg,76800,0,0.0,Low,False
cctv052x2004080611x01905,frame_1.jpg,76358,442,0.0058,Low,False
cctv052x2004080611x01905,frame_2.jpg,76212,588,0.0077,Low,False
cctv052x2004080611x01905,frame_3.jpg,75016,1784,0.0238,Low,False
cctv052x2004080611x01905,frame_4.jpg,75575,1225,0.0162,Low,False
cctv052x2004080611x01905,frame_5.jpg,76432,368,0.0048,Low,False
cctv052x2004080611x01906,frame_1.jpg,75968,832,0.011,Low,False
cctv052x2004080611x01906,frame_2.jpg,76417,383,0.005,Low,False
cctv052x2004080611x01906,frame_3.jpg,76800,0,0.0,Low,False
cctv052x2004080611x01906,frame_4.jpg,76800,0,0.0,Low,False
cctv052x2004080611x01906,frame_5.jpg,76800,0,0.0,Low,False
cctv052x2004080611x01907,frame_1.jpg,75014,1786,0.0238,Low,False
cctv052x2004080611x01907,frame_2.jpg,76480,320,0.0042,Low,False
cctv052x2004080611x01907,frame_3.jpg,75239,1561,0.0207,Low,False
cctv052x2004080611x01907,frame_4.jpg,75617,1183,0.0156,Low,False
cctv052x2004080611x01907,frame_5.jpg,76128,672,0.0088,Low,False
cctv052x2004080612x00000,frame_1.jpg,75007,1793,0.0239,Low,False
cctv052x2004080612x00000,frame_2.jpg,75294,1506,0.02,Low,False
cctv052x2004080612x00000,frame_3.jpg,75757,1043,0.0138,Low,False
cctv052x2004080612x00000,frame_4.jpg,75807,993,0.0131,Low,False
cctv052x2004080612x00000,frame_5.jpg,74749,2051,0.0274,Low,False
cctv052x2004080612x00002,frame_1.jpg,74910,1890,0.0252,Low,False
cctv052x2004080612x00002,frame_2.jpg,76800,0,0.0,Low,False
cctv052x2004080612x00002,frame_3.jpg,76400,400,0.0052,Low,False
cctv052x2004080612x00002,frame_4.jpg,76329,471,0.0062,Low,False
cctv052x2004080612x00002,frame_5.jpg,76800,0,0.0,Low,False
cctv052x2004080612x00003,frame_1.jpg,75169,1631,0.0217,Low,False
cctv052x2004080612x00003,frame_2.jpg,75246,1554,0.0207,Low,False
cctv052x2004080612x00003,frame_3.jpg,75911,889,0.0117,Low,False
cctv052x2004080612x00003,frame_4.jpg,76490,310,0.0041,Low,False
cctv052x2004080612x00003,frame_5.jpg,76760,40,0.0005,Low,False
cctv052x2004080612x00004,frame_1.jpg,74777,2023,0.0271,Low,False
cctv052x2004080612x00004,frame_2.jpg,74504,2296,0.0308,Low,False
cctv052x2004080612x00004,frame_3.jpg,76698,102,0.0013,Low,False
cctv052x2004080612x00004,frame_4.jpg,75834,966,0.0127,Low,False
cctv052x2004080612x00004,frame_5.jpg,75101,1699,0.0226,Low,False
cctv052x2004080612x00005,frame_1.jpg,73973,2827,0.0382,Low,False
cctv052x2004080612x00005,frame_2.jpg,73162,3638,0.0497,Moderate,False
cctv052x2004080612x00005,frame_3.jpg,74387,2413,0.0324,Low,False
cctv052x2004080612x00005,frame_4.jpg,75193,1607,0.0214,Low,False
cctv052x2004080612x00005,frame_5.jpg,72664,4136,0.0569,Moderate,False
cctv052x2004080612x00006,frame_1.jpg,76572,228,0.003,Low,False
cctv052x2004080612x00006,frame_2.jpg,76359,441,0.0058,Low,False
cctv052x2004080612x00006,frame_3.jpg,74204,2596,0.035,Low,False
cctv052x2004080612x00006,frame_4.jpg,75693,1107,0.0146,Low,False
cctv052x2004080612x00006,frame_5.jpg,74930,1870,0.025,Low,False
cctv052x2004080612x00007,frame_1.jpg,75525,1275,0.0169,Low,False
cctv052x2004080612x00007,frame_2.jpg,74252,2548,0.0343,Low,False
cctv052x2004080612x00007,frame_3.jpg,73009,3791,0.0519,Moderate,False
cctv052x2004080612x00007,frame_4.jpg,73805,2995,0.0406,Moderate,False
cctv052x2004080612x00007,frame_5.jpg,73999,2801,0.0379,Low,False
cctv052x2004080612x01908,frame_1.jpg,76233,567,0.0074,Low,False
cctv052x2004080612x01908,frame_2.jpg,76800,0,0.0,Low,False
cctv052x2004080612x01908,frame_3.jpg,76800,0,0.0,Low,False
cctv052x2004080612x01908,frame_4.jpg,76800,0,0.0,Low,False
cctv052x2004080612x01908,frame_5.jpg,75554,1246,0.0165,Low,False
cctv052x2004080612x01909,frame_1.jpg,76800,0,0.0,Low,False
cctv052x2004080612x01909,frame_2.jpg,76456,344,0.0045,Low,False
cctv052x2004080612x01909,frame_3.jpg,76322,478,0.0063,Low,False
cctv052x2004080612x01909,frame_4.jpg,76631,169,0.0022,Low,False
cctv052x2004080612x01909,frame_5.jpg,75105,1695,0.0226,Low,False
cctv052x2004080612x01910,frame_1.jpg,76800,0,0.0,Low,False
cctv052x2004080612x01910,frame_2.jpg,76800,0,0.0,Low,False
cctv052x2004080612x01910,frame_3.jpg,75868,932,0.0123,Low,False
cctv052x2004080612x01910,frame_4.jpg,76445,355,0.0046,Low,False
cctv052x2004080612x01910,frame_5.jpg,76800,0,0.0,Low,False
cctv052x2004080612x01911,frame_1.jpg,76800,0,0.0,Low,False
cctv052x2004080612x01911,frame_2.jpg,76756,44,0.0006,Low,False
cctv052x2004080612x01911,frame_3.jpg,76000,800,0.0105,Low,False
cctv052x2004080612x01911,frame_4.jpg,76394,406,0.0053,Low,False
cctv052x2004080612x01911,frame_5.jpg,76644,156,0.002,Low,False
cctv052x2004080612x01912,frame_1.jpg,74369,2431,0.0327,Low,False
cctv052x2004080612x01912,frame_2.jpg,75699,1101,0.0145,Low,False
cctv052x2004080612x01912,frame_3.jpg,76800,0,0.0,Low,False
cctv052x2004080612x01912,frame_4.jpg,76464,336,0.0044,Low,False
cctv052x2004080612x01912,frame_5.jpg,73800,3000,0.0407,Moderate,False
cctv052x2004080612x01913,frame_1.jpg,74244,2556,0.0344,Low,False
cctv052x2004080612x01913,frame_2.jpg,75792,1008,0.0133,Low,False
cctv052x2004080612x01913,frame_3.jpg,74199,2601,0.0351,Low,False
cctv052x2004080612x01913,frame_4.jpg,73606,3194,0.0434,Moderate,False
cctv052x2004080612x01913,frame_5.jpg,75874,926,0.0122,Low,False
cctv052x2004080612x01914,frame_1.jpg,75648,1152,0.0152,Low,False
cctv052x2004080612x01914,frame_2.jpg,76573,227,0.003,Low,False
cctv052x2004080612x01914,frame_3.jpg,74928,1872,0.025,Low,False
cctv052x2004080612x01914,frame_4.jpg,76027,773,0.0102,Low,False
cctv052x2004080612x01914,frame_5.jpg,76800,0,0.0,Low,False
cctv052x2004080612x01915,frame_1.jpg,75227,1573,0.0209,Low,False
cctv052x2004080612x01915,frame_2.jpg,75805,995,0.0131,Low,False
cctv052x2004080612x01915,frame_3.jpg,75657,1143,0.0151,Low,False
cctv052x2004080612x01915,frame_4.jpg,75598,1202,0.0159,Low,False
cctv052x2004080612x01915,frame_5.jpg,73884,2916,0.0395,Low,False
cctv052x2004080613x00008,frame_1.jpg,75172,1628,0.0217,Low,False
cctv052x2004080613x00008,frame_2.jpg,76412,388,0.0051,Low,False
cctv052x2004080613x00008,frame_3.jpg,71351,5449,0.0764,Moderate,False
cctv052x2004080613x00008,frame_4.jpg,73273,3527,0.0481,Moderate,False
cctv052x2004080613x00008,frame_5.jpg,74606,2194,0.0294,Low,False
cctv052x2004080613x00009,frame_1.jpg,75279,1521,0.0202,Low,False
cctv052x2004080613x00009,frame_2.jpg,75419,1381,0.0183,Low,False
cctv052x2004080613x00009,frame_3.jpg,74022,2778,0.0375,Low,False
cctv052x2004080613x00009,frame_4.jpg,72406,4394,0.0607,Moderate,False
cctv052x2004080613x00009,frame_5.jpg,73142,3658,0.05,Moderate,False
cctv052x2004080613x00010,frame_1.jpg,74230,2570,0.0346,Low,False
cctv052x2004080613x00010,frame_2.jpg,74754,2046,0.0274,Low,False
cctv052x2004080613x00010,frame_3.jpg,74519,2281,0.0306,Low,False
cctv052x2004080613x00010,frame_4.jpg,75433,1367,0.0181,Low,False
cctv052x2004080613x00010,frame_5.jpg,75518,1282,0.017,Low,False
cctv052x2004080613x00011,frame_1.jpg,76800,0,0.0,Low,False
cctv052x2004080613x00011,frame_2.jpg,76055,745,0.0098,Low,False
cctv052x2004080613x00011,frame_3.jpg,75928,872,0.0115,Low,False
cctv052x2004080613x00011,frame_4.jpg,75298,1502,0.0199,Low,False
cctv052x2004080613x00011,frame_5.jpg,75742,1058,0.014,Low,False
cctv052x2004080613x00012,frame_1.jpg,75363,1437,0.0191,Low,False
cctv052x2004080613x00012,frame_2.jpg,75523,1277,0.0169,Low,False
cctv052x2004080613x00012,frame_3.jpg,73986,2814,0.038,Low,False
cctv052x2004080613x00012,frame_4.jpg,72387,4413,0.061,Moderate,False
cctv052x2004080613x00012,frame_5.jpg,73096,3704,0.0507,Moderate,False
cctv052x2004080613x00013,frame_1.jpg,74287,2513,0.0338,Low,False
cctv052x2004080613x00013,frame_2.jpg,75375,1425,0.0189,Low,False
cctv052x2004080613x00013,frame_3.jpg,76198,602,0.0079,Low,False
cctv052x2004080613x00013,frame_4.jpg,76427,373,0.0049,Low,False
cctv052x2004080613x00013,frame_5.jpg,74943,1857,0.0248,Low,False
cctv052x2004080613x00014,frame_1.jpg,75685,1115,0.0147,Low,False
cctv052x2004080613x00014,frame_2.jpg,76800,0,0.0,Low,False
cctv052x2004080613x00014,frame_3.jpg,75945,855,0.0113,Low,False
cctv052x2004080613x00014,frame_4.jpg,75559,1241,0.0164,Low,False
cctv052x2004080613x00014,frame_5.jpg,74987,1813,0.0242,Low,False
cctv052x2004080613x00015,frame_1.jpg,73967,2833,0.0383,Low,False
cctv052x2004080613x00015,frame_2.jpg,73782,3018,0.0409,Moderate,False
cctv052x2004080613x00015,frame_3.jpg,74320,2480,0.0334,Low,False
cctv052x2004080613x00015,frame_4.jpg,75082,1718,0.0229,Low,False
cctv052x2004080613x00015,frame_5.jpg,75520,1280,0.0169,Low,False
cctv052x2004080613x00016,frame_1.jpg,76519,281,0.0037,Low,False
cctv052x2004080613x00016,frame_2.jpg,72694,4106,0.0565,Moderate,False
cctv052x2004080613x00016,frame_3.jpg,76329,471,0.0062,Low,False
cctv052x2004080613x00016,frame_4.jpg,74302,2498,0.0336,Low,False
cctv052x2004080613x00016,frame_5.jpg,74919,1881,0.0251,Low,False
cctv052x2004080613x00017,frame_1.jpg,76271,529,0.0069,Low,False
cctv052x2004080613x00017,frame_2.jpg,75594,1206,0.016,Low,False
cctv052x2004080613x00017,frame_3.jpg,74769,2031,0.0272,Low,False
cctv052x2004080613x00017,frame_4.jpg,73881,2919,0.0395,Low,False
cctv052x2004080613x00017,frame_5.jpg,74779,2021,0.027,Low,False
cctv052x2004080613x00018,frame_1.jpg,73890,2910,0.0394,Low,False
cctv052x2004080613x00018,frame_2.jpg,72544,4256,0.0587,Moderate,False
cctv052x2004080613x00018,frame_3.jpg,73887,2913,0.0394,Low,False
cctv052x2004080613x00018,frame_4.jpg,73063,3737,0.0511,Moderate,False
cctv052x2004080613x00018,frame_5.jpg,73564,3236,0.044,Moderate,False
cctv052x2004080614x00019,frame_1.jpg,74532,2268,0.0304,Low,False
cctv052x2004080614x00019,frame_2.jpg,74399,2401,0.0323,Low,False
cctv052x2004080614x00019,frame_3.jpg,73878,2922,0.0396,Low,False
cctv052x2004080614x00019,frame_4.jpg,74539,2261,0.0303,Low,False
cctv052x2004080614x00019,frame_5.jpg,74877,1923,0.0257,Low,False
cctv052x2004080614x00020,frame_1.jpg,74407,2393,0.0322,Low,False
cctv052x2004080614x00020,frame_2.jpg,75162,1638,0.0218,Low,False
cctv052x2004080614x00020,frame_3.jpg,75623,1177,0.0156,Low,False
cctv052x2004080614x00020,frame_4.jpg,75085,1715,0.0228,Low,False
cctv052x2004080614x00020,frame_5.jpg,75814,986,0.013,Low,False
cctv052x2004080614x00021,frame_1.jpg,74383,2417,0.0325,Low,False
cctv052x2004080614x00021,frame_2.jpg,73944,2856,0.0386,Low,False
cctv052x2004080614x00021,frame_3.jpg,75004,1796,0.0239,Low,False
cctv052x2004080614x00021,frame_4.jpg,73928,2872,0.0388,Low,False
cctv052x2004080614x00021,frame_5.jpg,76154,646,0.0085,Low,False
cctv052x2004080614x00022,frame_1.jpg,76067,733,0.0096,Low,False
cctv052x2004080614x00022,frame_2.jpg,75675,1125,0.0149,Low,False
cctv052x2004080614x00022,frame_3.jpg,76138,662,0.0087,Low,False
cctv052x2004080614x00022,frame_4.jpg,75440,1360,0.018,Low,False
cctv052x2004080614x00022,frame_5.jpg,74735,2065,0.0276,Low,False
cctv052x2004080614x00023,frame_1.jpg,72233,4567,0.0632,Moderate,False
cctv052x2004080614x00023,frame_2.jpg,74268,2532,0.0341,Low,False
cctv052x2004080614x00023,frame_3.jpg,75343,1457,0.0193,Low,False
cctv052x2004080614x00023,frame_4.jpg,75160,1640,0.0218,Low,False
cctv052x2004080614x00023,frame_5.jpg,74750,2050,0.0274,Low,False
cctv052x2004080614x00024,frame_1.jpg,72302,4498,0.0622,Moderate,False
cctv052x2004080614x00024,frame_2.jpg,72669,4131,0.0568,Moderate,False
cctv052x2004080614x00024,frame_3.jpg,72950,3850,0.0528,Moderate,False
cctv052x2004080614x00024,frame_4.jpg,72180,4620,0.064,Moderate,False
cctv052x2004080614x00024,frame_5.jpg,72874,3926,0.0539,Moderate,False
cctv052x2004080614x00025,frame_1.jpg,74347,2453,0.033,Low,False
cctv052x2004080614x00025,frame_2.jpg,74591,2209,0.0296,Low,False
cctv052x2004080614x00025,frame_3.jpg,75005,1795,0.0239,Low,False
cctv052x2004080614x00025,frame_4.jpg,74205,2595,0.035,Low,False
cctv052x2004080614x00025,frame_5.jpg,74839,1961,0.0262,Low,False
cctv052x2004080614x00026,frame_1.jpg,72239,4561,0.0631,Moderate,False
cctv052x2004080614x00026,frame_2.jpg,71710,5090,0.071,Moderate,False
cctv052x2004080614x00026,frame_3.jpg,70729,6071,0.0858,High,False
cctv052x2004080614x00026,frame_4.jpg,70284,6516,0.0927,High,False
cctv052x2004080614x00026,frame_5.jpg,71516,5284,0.0739,Moderate,False
cctv052x2004080614x00027,frame_1.jpg,74705,2095,0.028,Low,False
cctv052x2004080614x00027,frame_2.jpg,75085,1715,0.0228,Low,False
cctv052x2004080614x00027,frame_3.jpg,70359,6441,0.0915,High,False
cctv052x2004080614x00027,frame_4.jpg,73869,2931,0.0397,Low,False
cctv052x2004080614x00027,frame_5.jpg,74798,2002,0.0268,Low,False
cctv052x2004080615x00028,frame_1.jpg,73440,3360,0.0458,Moderate,False
cctv052x2004080615x00028,frame_2.jpg,74210,2590,0.0349,Low,False
cctv052x2004080615x00028,frame_3.jpg,75159,1641,0.0218,Low,False
cctv052x2004080615x00028,frame_4.jpg,73474,3326,0.0453,Moderate,False
cctv052x2004080615x00028,frame_5.jpg,74271,2529,0.0341,Low,False
cctv052x2004080615x00029,frame_1.jpg,70766,6034,0.0853,High,False
cctv052x2004080615x00029,frame_2.jpg,69141,7659,0.1108,unusual congestion,True
cctv052x2004080615x00029,frame_3.jpg,71211,5589,0.0785,Moderate,False
cctv052x2004080615x00029,frame_4.jpg,71740,5060,0.0705,Moderate,False
cctv052x2004080615x00029,frame_5.jpg,71274,5526,0.0775,Moderate,False
cctv052x2004080615x00030,frame_1.jpg,73088,3712,0.0508,Moderate,False
cctv052x2004080615x00030,frame_2.jpg,71659,5141,0.0717,Moderate,False
cctv052x2004080615x00030,frame_3.jpg,71082,5718,0.0804,High,False
cctv052x2004080615x00030,frame_4.jpg,71223,5577,0.0783,Moderate,False
cctv052x2004080615x00030,frame_5.jpg,72627,4173,0.0575,Moderate,False
cctv052x2004080615x00031,frame_1.jpg,71810,4990,0.0695,Moderate,False
cctv052x2004080615x00031,frame_2.jpg,72829,3971,0.0545,Moderate,False
cctv052x2004080615x00031,frame_3.jpg,74031,2769,0.0374,Low,False
cctv052x2004080615x00031,frame_4.jpg,72025,4775,0.0663,Moderate,False
cctv052x2004080615x00031,frame_5.jpg,72940,3860,0.0529,Moderate,False
cctv052x2004080615x00032,frame_1.jpg,75294,1506,0.02,Low,False
cctv052x2004080615x00032,frame_2.jpg,72694,4106,0.0565,Moderate,False
cctv052x2004080615x00032,frame_3.jpg,70572,6228,0.0883,High,False
cctv052x2004080615x00032,frame_4.jpg,73456,3344,0.0455,Moderate,False
cctv052x2004080615x00032,frame_5.jpg,73434,3366,0.0458,Moderate,False
cctv052x2004080615x00033,frame_1.jpg,73317,3483,0.0475,Moderate,False
cctv052x2004080615x00033,frame_2.jpg,71929,4871,0.0677,Moderate,False
cctv052x2004080615x00033,frame_3.jpg,71442,5358,0.075,Moderate,False
cctv052x2004080615x00033,frame_4.jpg,70972,5828,0.0821,High,False
cctv052x2004080615x00033,frame_5.jpg,70475,6325,0.0897,High,False
cctv052x2004080615x00034,frame_1.jpg,73664,3136,0.0426,Moderate,False
cctv052x2004080615x00034,frame_2.jpg,72527,4273,0.0589,Moderate,False
cctv052x2004080615x00034,frame_3.jpg,73155,3645,0.0498,Moderate,False
cctv052x2004080615x00034,frame_4.jpg,70556,6244,0.0885,High,False
cctv052x2004080615x00034,frame_5.jpg,73101,3699,0.0506,Moderate,False
cctv052x2004080615x00035,frame_1.jpg,76262,538,0.0071,Low,False
cctv052x2004080615x00035,frame_2.jpg,73365,3435,0.0468,Moderate,False
cctv052x2004080615x00035,frame_3.jpg,74961,1839,0.0245,Low,False
cctv052x2004080615x00035,frame_4.jpg,75337,1463,0.0194,Low,False
cctv052x2004080615x00035,frame_5.jpg,74580,2220,0.0298,Low,False
cctv052x2004080615x00036,frame_1.jpg,76800,0,0.0,Low,False
cctv052x2004080615x00036,frame_2.jpg,73803,2997,0.0406,Moderate,False
cctv052x2004080615x00036,frame_3.jpg,73826,2974,0.0403,Moderate,False
cctv052x2004080615x00036,frame_4.jpg,76349,451,0.0059,Low,False
cctv052x2004080615x00036,frame_5.jpg,72998,3802,0.0521,Moderate,False
cctv052x2004080615x00037,frame_1.jpg,70776,6024,0.0851,High,False
cctv052x2004080615x00037,frame_2.jpg,70407,6393,0.0908,High,False
cctv052x2004080615x00037,frame_3.jpg,72266,4534,0.0627,Moderate,False
cctv052x2004080615x00037,frame_4.jpg,72610,4190,0.0577,Moderate,False
cctv052x2004080615x00037,frame_5.jpg,73131,3669,0.0502,Moderate,False
cctv052x2004080615x00038,frame_1.jpg,74137,2663,0.0359,Low,False
cctv052x2004080615x00038,frame_2.jpg,73993,2807,0.0379,Low,False
cctv052x2004080615x00038,frame_3.jpg,73762,3038,0.0412,Moderate,False
cctv052x2004080615x00038,frame_4.jpg,75592,1208,0.016,Low,False
cctv052x2004080615x00038,frame_5.jpg,74190,2610,0.0352,Low,False
cctv052x2004080615x00039,frame_1.jpg,72753,4047,0.0556,Moderate,False
cctv052x2004080615x00039,frame_2.jpg,71165,5635,0.0792,Moderate,False
cctv052x2004080615x00039,frame_3.jpg,71342,5458,0.0765,Moderate,False
cctv052x2004080615x00039,frame_4.jpg,70704,6096,0.0862,High,False
cctv052x2004080615x00039,frame_5.jpg,70293,6507,0.0926,High,False
cctv052x2004080615x00040,frame_1.jpg,71739,5061,0.0705,Moderate,False
cctv052x2004080615x00040,frame_2.jpg,71608,5192,0.0725,Moderate,False
cctv052x2004080615x00040,frame_3.jpg,71927,4873,0.0677,Moderate,False
cctv052x2004080615x00040,frame_4.jpg,72999,3801,0.0521,Moderate,False
cctv052x2004080615x00040,frame_5.jpg,71900,4900,0.0682,Moderate,False
cctv052x2004080615x00041,frame_1.jpg,70879,5921,0.0835,High,False
cctv052x2004080615x00041,frame_2.jpg,71416,5384,0.0754,Moderate,False
cctv052x2004080615x00041,frame_3.jpg,73451,3349,0.0456,Moderate,False
cctv052x2004080615x00041,frame_4.jpg,72428,4372,0.0604,Moderate,False
cctv052x2004080615x00041,frame_5.jpg,73941,2859,0.0387,Low,False
cctv052x2004080615x00044,frame_1.jpg,73600,3200,0.0435,Moderate,False
cctv052x2004080615x00044,frame_2.jpg,76497,303,0.004,Low,False
cctv052x2004080615x00044,frame_3.jpg,76392,408,0.0053,Low,False
cctv052x2004080615x00044,frame_4.jpg,76800,0,0.0,Low,False
cctv052x2004080615x00044,frame_5.jpg,76149,651,0.0085,Low,False
cctv052x2004080615x00045,frame_1.jpg,70204,6596,0.094,High,False
cctv052x2004080615x00045,frame_2.jpg,71895,4905,0.0682,Moderate,False
cctv052x2004080615x00045,frame_3.jpg,70731,6069,0.0858,High,False
cctv052x2004080615x00045,frame_4.jpg,69430,7370,0.1062,unusual congestion,True
cctv052x2004080615x00045,frame_5.jpg,71236,5564,0.0781,Moderate,False
cctv052x2004080616x00046,frame_1.jpg,73661,3139,0.0426,Moderate,False
cctv052x2004080616x00046,frame_2.jpg,69924,6876,0.0983,High,False
cctv052x2004080616x00046,frame_3.jpg,71822,4978,0.0693,Moderate,False
cctv052x2004080616x00046,frame_4.jpg,72883,3917,0.0537,Moderate,False
cctv052x2004080616x00046,frame_5.jpg,69947,6853,0.098,High,False
cctv052x2004080616x00047,frame_1.jpg,68150,8650,0.1269,unusual congestion,True
cctv052x2004080616x00047,frame_2.jpg,69029,7771,0.1126,unusual congestion,True
cctv052x2004080616x00047,frame_3.jpg,68217,8583,0.1258,unusual congestion,True
cctv052x2004080616x00047,frame_4.jpg,68528,8272,0.1207,unusual congestion,True
cctv052x2004080616x00047,frame_5.jpg,70017,6783,0.0969,High,False
cctv052x2004080616x00048,frame_1.jpg,73577,3223,0.0438,Moderate,False
cctv052x2004080616x00048,frame_2.jpg,73260,3540,0.0483,Moderate,False
cctv052x2004080616x00048,frame_3.jpg,71425,5375,0.0753,Moderate,False
cctv052x2004080616x00048,frame_4.jpg,74392,2408,0.0324,Low,False
cctv052x2004080616x00048,frame_5.jpg,72750,4050,0.0557,Moderate,False
cctv052x2004080616x00049,frame_1.jpg,75489,1311,0.0174,Low,False
cctv052x2004080616x00049,frame_2.jpg,70729,6071,0.0858,High,False
cctv052x2004080616x00049,frame_3.jpg,68600,8200,0.1195,unusual congestion,True
cctv052x2004080616x00049,frame_4.jpg,68964,7836,0.1136,unusual congestion,True
cctv052x2004080616x00049,frame_5.jpg,71058,5742,0.0808,High,False
cctv052x2004080616x00050,frame_1.jpg,72337,4463,0.0617,Moderate,False
cctv052x2004080616x00050,frame_2.jpg,71914,4886,0.0679,Moderate,False
cctv052x2004080616x00050,frame_3.jpg,74555,2245,0.0301,Low,False
cctv052x2004080616x00050,frame_4.jpg,68034,8766,0.1288,unusual congestion,True
cctv052x2004080616x00050,frame_5.jpg,72006,4794,0.0666,Moderate,False
cctv052x2004080616x00051,frame_1.jpg,71606,5194,0.0725,Moderate,False
cctv052x2004080616x00051,frame_2.jpg,70263,6537,0.093,High,False
cctv052x2004080616x00051,frame_3.jpg,70912,5888,0.083,High,False
cctv052x2004080616x00051,frame_4.jpg,71178,5622,0.079,Moderate,False
cctv052x2004080616x00051,frame_5.jpg,70844,5956,0.0841,High,False
cctv052x2004080616x00052,frame_1.jpg,70639,6161,0.0872,High,False
cctv052x2004080616x00052,frame_2.jpg,73375,3425,0.0467,Moderate,False
cctv052x2004080616x00052,frame_3.jpg,70891,5909,0.0834,High,False
cctv052x2004080616x00052,frame_4.jpg,73044,3756,0.0514,Moderate,False
cctv052x2004080616x00052,frame_5.jpg,72826,3974,0.0546,Moderate,False
cctv052x2004080616x00053,frame_1.jpg,66647,10153,0.1523,unusual congestion,True
cctv052x2004080616x00053,frame_2.jpg,75485,1315,0.0174,Low,False
cctv052x2004080616x00053,frame_3.jpg,76514,286,0.0037,Low,False
cctv052x2004080616x00053,frame_4.jpg,72731,4069,0.0559,Moderate,False
cctv052x2004080616x00053,frame_5.jpg,71699,5101,0.0711,Moderate,False
cctv052x2004080616x00054,frame_1.jpg,71614,5186,0.0724,Moderate,False
cctv052x2004080616x00054,frame_2.jpg,72948,3852,0.0528,Moderate,False
cctv052x2004080616x00054,frame_3.jpg,72672,4128,0.0568,Moderate,False
cctv052x2004080616x00054,frame_4.jpg,70586,6214,0.088,High,False
cctv052x2004080616x00054,frame_5.jpg,75574,1226,0.0162,Low,False
cctv052x2004080616x00055,frame_1.jpg,70611,6189,0.0876,High,False
cctv052x2004080616x00055,frame_2.jpg,71524,5276,0.0738,Moderate,False
cctv052x2004080616x00055,frame_3.jpg,70010,6790,0.097,High,False
cctv052x2004080616x00055,frame_4.jpg,70251,6549,0.0932,High,False
cctv052x2004080616x00055,frame_5.jpg,71742,5058,0.0705,Moderate,False
cctv052x2004080616x00056,frame_1.jpg,72348,4452,0.0615,Moderate,False
cctv052x2004080616x00056,frame_2.jpg,70334,6466,0.0919,High,False
cctv052x2004080616x00056,frame_3.jpg,70689,6111,0.0864,High,False
cctv052x2004080616x00056,frame_4.jpg,72776,4024,0.0553,Moderate,False
cctv052x2004080616x00056,frame_5.jpg,72524,4276,0.059,Moderate,False
cctv052x2004080616x00057,frame_1.jpg,71078,5722,0.0805,High,False
cctv052x2004080616x00057,frame_2.jpg,72058,4742,0.0658,Moderate,False
cctv052x2004080616x00057,frame_3.jpg,71156,5644,0.0793,Moderate,False
cctv052x2004080616x00057,frame_4.jpg,70651,6149,0.087,High,False
cctv052x2004080616x00057,frame_5.jpg,73149,3651,0.0499,Moderate,False
cctv052x2004080616x00058,frame_1.jpg,74033,2767,0.0374,Low,False
cctv052x2004080616x00058,frame_2.jpg,72756,4044,0.0556,Moderate,False
cctv052x2004080616x00058,frame_3.jpg,72442,4358,0.0602,Moderate,False
cctv052x2004080616x00058,frame_4.jpg,72186,4614,0.0639,Moderate,False
cctv052x2004080616x00058,frame_5.jpg,71508,5292,0.074,Moderate,False
cctv052x2004080616x00059,frame_1.jpg,75286,1514,0.0201,Low,False
cctv052x2004080616x00059,frame_2.jpg,69901,6899,0.0987,High,False
cctv052x2004080616x00059,frame_3.jpg,69711,7089,0.1017,unusual congestion,True
cctv052x2004080616x00059,frame_4.jpg,69404,7396,0.1066,unusual congestion,True
cctv052x2004080616x00059,frame_5.jpg,70800,6000,0.0847,High,False
cctv052x2004080616x00060,frame_1.jpg,68039,8761,0.1288,unusual congestion,True
cctv052x2004080616x00060,frame_2.jpg,70346,6454,0.0917,High,False
cctv052x2004080616x00060,frame_3.jpg,68884,7916,0.1149,unusual congestion,True
cctv052x2004080616x00060,frame_4.jpg,69404,7396,0.1066,unusual congestion,True
cctv052x2004080616x00060,frame_5.jpg,67875,8925,0.1315,unusual congestion,True
cctv052x2004080616x00061,frame_1.jpg,68610,8190,0.1194,unusual congestion,True
cctv052x2004080616x00061,frame_2.jpg,68672,8128,0.1184,unusual congestion,True
cctv052x2004080616x00061,frame_3.jpg,71002,5798,0.0817,High,False
cctv052x2004080616x00061,frame_4.jpg,73083,3717,0.0509,Moderate,False
cctv052x2004080616x00061,frame_5.jpg,69556,7244,0.1041,unusual congestion,True
cctv052x2004080616x00062,frame_1.jpg,69919,6881,0.0984,High,False
cctv052x2004080616x00062,frame_2.jpg,70674,6126,0.0867,High,False
cctv052x2004080616x00062,frame_3.jpg,70243,6557,0.0933,High,False
cctv052x2004080616x00062,frame_4.jpg,70417,6383,0.0906,High,False
cctv052x2004080616x00062,frame_5.jpg,71618,5182,0.0724,Moderate,False
cctv052x2004080617x00064,frame_1.jpg,68739,8061,0.1173,unusual congestion,True
cctv052x2004080617x00064,frame_2.jpg,67578,9222,0.1365,unusual congestion,True
cctv052x2004080617x00064,frame_3.jpg,68417,8383,0.1225,unusual congestion,True
cctv052x2004080617x00064,frame_4.jpg,68774,8026,0.1167,unusual congestion,True
cctv052x2004080617x00064,frame_5.jpg,69710,7090,0.1017,unusual congestion,True
cctv052x2004080617x00065,frame_1.jpg,74430,2370,0.0318,Low,False
cctv052x2004080617x00065,frame_2.jpg,71965,4835,0.0672,Moderate,False
cctv052x2004080617x00065,frame_3.jpg,71740,5060,0.0705,Moderate,False
cctv052x2004080617x00065,frame_4.jpg,72790,4010,0.0551,Moderate,False
cctv052x2004080617x00065,frame_5.jpg,74051,2749,0.0371,Low,False
cctv052x2004080617x00066,frame_1.jpg,71009,5791,0.0816,High,False
cctv052x2004080617x00066,frame_2.jpg,70473,6327,0.0898,High,False
cctv052x2004080617x00066,frame_3.jpg,72171,4629,0.0641,Moderate,False
cctv052x2004080617x00066,frame_4.jpg,71435,5365,0.0751,Moderate,False
cctv052x2004080617x00066,frame_5.jpg,71461,5339,0.0747,Moderate,False
cctv052x2004080617x00067,frame_1.jpg,67159,9641,0.1436,unusual congestion,True
cctv052x2004080617x00067,frame_2.jpg,67130,9670,0.144,unusual congestion,True
cctv052x2004080617x00067,frame_3.jpg,67116,9684,0.1443,unusual congestion,True
cctv052x2004080617x00067,frame_4.jpg,68665,8135,0.1185,unusual congestion,True
cctv052x2004080617x00067,frame_5.jpg,70151,6649,0.0948,High,False
cctv052x2004080617x00068,frame_1.jpg,67780,9020,0.1331,unusual congestion,True
cctv052x2004080617x00068,frame_2.jpg,67261,9539,0.1418,unusual congestion,True
cctv052x2004080617x00068,frame_3.jpg,66612,10188,0.1529,unusual congestion,True
cctv052x2004080617x00068,frame_4.jpg,69405,7395,0.1065,unusual congestion,True
cctv052x2004080617x00068,frame_5.jpg,68510,8290,0.121,unusual congestion,True
cctv052x2004080617x00069,frame_1.jpg,65791,11009,0.1673,unusual congestion,True
cctv052x2004080617x00069,frame_2.jpg,66762,10038,0.1504,unusual congestion,True
cctv052x2004080617x00069,frame_3.jpg,66946,9854,0.1472,unusual congestion,True
cctv052x2004080617x00069,frame_4.jpg,66439,10361,0.1559,unusual congestion,True
cctv052x2004080617x00069,frame_5.jpg,67985,8815,0.1297,unusual congestion,True
cctv052x2004080617x00070,frame_1.jpg,76800,0,0.0,Low,False
cctv052x2004080617x00070,frame_2.jpg,71168,5632,0.0791,Moderate,False
cctv052x2004080617x00070,frame_3.jpg,71978,4822,0.067,Moderate,False
cctv052x2004080617x00070,frame_4.jpg,70931,5869,0.0827,High,False
cctv052x2004080617x00070,frame_5.jpg,73012,3788,0.0519,Moderate,False
cctv052x2004080617x00071,frame_1.jpg,73709,3091,0.0419,Moderate,False
cctv052x2004080617x00071,frame_2.jpg,71300,5500,0.0771,Moderate,False
cctv052x2004080617x00071,frame_3.jpg,72481,4319,0.0596,Moderate,False
cctv052x2004080617x00071,frame_4.jpg,72355,4445,0.0614,Moderate,False
cctv052x2004080617x00071,frame_5.jpg,72475,4325,0.0597,Moderate,False
cctv052x2004080617x00072,frame_1.jpg,73730,3070,0.0416,Moderate,False
cctv052x2004080617x00072,frame_2.jpg,69359,7441,0.1073,unusual congestion,True
cctv052x2004080617x00072,frame_3.jpg,70254,6546,0.0932,High,False
cctv052x2004080617x00072,frame_4.jpg,71468,5332,0.0746,Moderate,False
cctv052x2004080617x00072,frame_5.jpg,72694,4106,0.0565,Moderate,False
cctv052x2004080617x00073,frame_1.jpg,68450,8350,0.122,unusual congestion,True
cctv052x2004080617x00073,frame_2.jpg,70486,6314,0.0896,High,False
cctv052x2004080617x00073,frame_3.jpg,69583,7217,0.1037,unusual congestion,True
cctv052x2004080617x00073,frame_4.jpg,68897,7903,0.1147,unusual congestion,True
cctv052x2004080617x00073,frame_5.jpg,69288,7512,0.1084,unusual congestion,True
cctv052x2004080617x00074,frame_1.jpg,72101,4699,0.0652,Moderate,False
cctv052x2004080617x00074,frame_2.jpg,71752,5048,0.0704,Moderate,False
cctv052x2004080617x00074,frame_3.jpg,70886,5914,0.0834,High,False
cctv052x2004080617x00074,frame_4.jpg,71544,5256,0.0735,Moderate,False
cctv052x2004080617x00074,frame_5.jpg,69987,6813,0.0973,High,False
cctv052x2004080617x00075,frame_1.jpg,71821,4979,0.0693,Moderate,False
cctv052x2004080617x00075,frame_2.jpg,70061,6739,0.0962,High,False
cctv052x2004080617x00075,frame_3.jpg,71981,4819,0.0669,Moderate,False
cctv052x2004080617x00075,frame_4.jpg,72551,4249,0.0586,Moderate,False
cctv052x2004080617x00075,frame_5.jpg,71919,4881,0.0679,Moderate,False
cctv052x2004080617x00076,frame_1.jpg,73166,3634,0.0497,Moderate,False
cctv052x2004080617x00076,frame_2.jpg,70064,6736,0.0961,High,False
cctv052x2004080617x00076,frame_3.jpg,71162,5638,0.0792,Moderate,False
cctv052x2004080617x00076,frame_4.jpg,70369,6431,0.0914,High,False
cctv052x2004080617x00076,frame_5.jpg,70211,6589,0.0938,High,False
cctv052x2004080617x00077,frame_1.jpg,70877,5923,0.0836,High,False
cctv052x2004080617x00077,frame_2.jpg,72684,4116,0.0566,Moderate,False
cctv052x2004080617x00077,frame_3.jpg,72154,4646,0.0644,Moderate,False
cctv052x2004080617x00077,frame_4.jpg,72244,4556,0.0631,Moderate,False
cctv052x2004080617x00077,frame_5.jpg,72504,4296,0.0593,Moderate,False
cctv052x2004080618x00079,frame_1.jpg,72311,4489,0.0621,Moderate,False
cctv052x2004080618x00079,frame_2.jpg,71859,4941,0.0688,Moderate,False
cctv052x2004080618x00079,frame_3.jpg,73956,2844,0.0385,Low,False
cctv052x2004080618x00079,frame_4.jpg,73398,3402,0.0464,Moderate,False
cctv052x2004080618x00079,frame_5.jpg,73317,3483,0.0475,Moderate,False
cctv052x2004080618x00080,frame_1.jpg,71157,5643,0.0793,Moderate,False
cctv052x2004080618x00080,frame_2.jpg,72317,4483,0.062,Moderate,False
cctv052x2004080618x00080,frame_3.jpg,70720,6080,0.086,High,False
cctv052x2004080618x00080,frame_4.jpg,71814,4986,0.0694,Moderate,False
cctv052x2004080618x00080,frame_5.jpg,72375,4425,0.0611,Moderate,False
cctv052x2004080618x00081,frame_1.jpg,72657,4143,0.057,Moderate,False
cctv052x2004080618x00081,frame_2.jpg,75553,1247,0.0165,Low,False
cctv052x2004080618x00081,frame_3.jpg,74136,2664,0.0359,Low,False
cctv052x2004080618x00081,frame_4.jpg,74041,2759,0.0373,Low,False
cctv052x2004080618x00081,frame_5.jpg,73419,3381,0.0461,Moderate,False
cctv052x2004080618x00085,frame_1.jpg,75283,1517,0.0202,Low,False
cctv052x2004080618x00085,frame_2.jpg,75701,1099,0.0145,Low,False
cctv052x2004080618x00085,frame_3.jpg,75843,957,0.0126,Low,False
cctv052x2004080618x00085,frame_4.jpg,74248,2552,0.0344,Low,False
cctv052x2004080618x00085,frame_5.jpg,75681,1119,0.0148,Low,False
cctv052x2004080618x00086,frame_1.jpg,76193,607,0.008,Low,False
cctv052x2004080618x00086,frame_2.jpg,74271,2529,0.0341,Low,False
cctv052x2004080618x00086,frame_3.jpg,75562,1238,0.0164,Low,False
cctv052x2004080618x00086,frame_4.jpg,74590,2210,0.0296,Low,False
cctv052x2004080618x00086,frame_5.jpg,76145,655,0.0086,Low,False
cctv052x2004080618x00087,frame_1.jpg,75408,1392,0.0185,Low,False
cctv052x2004080618x00087,frame_2.jpg,76800,0,0.0,Low,False
cctv052x2004080618x00087,frame_3.jpg,74764,2036,0.0272,Low,False
cctv052x2004080618x00087,frame_4.jpg,75466,1334,0.0177,Low,False
cctv052x2004080618x00087,frame_5.jpg,75186,1614,0.0215,Low,False
cctv052x2004080618x00088,frame_1.jpg,72751,4049,0.0557,Moderate,False
cctv052x2004080618x00088,frame_2.jpg,73354,3446,0.047,Moderate,False
cctv052x2004080618x00088,frame_3.jpg,76007,793,0.0104,Low,False
cctv052x2004080618x00088,frame_4.jpg,76249,551,0.0072,Low,False
cctv052x2004080618x00088,frame_5.jpg,75990,810,0.0107,Low,False
cctv052x2004080618x00089,frame_1.jpg,74944,1856,0.0248,Low,False
cctv052x2004080618x00089,frame_2.jpg,75760,1040,0.0137,Low,False
cctv052x2004080618x00089,frame_3.jpg,74026,2774,0.0375,Low,False
cctv052x2004080618x00089,frame_4.jpg,75241,1559,0.0207,Low,False
cctv052x2004080618x00089,frame_5.jpg,74809,1991,0.0266,Low,False
cctv052x2004080619x00090,frame_1.jpg,75808,992,0.0131,Low,False
cctv052x2004080619x00090,frame_2.jpg,75624,1176,0.0156,Low,False
cctv052x2004080619x00090,frame_3.jpg,76022,778,0.0102,Low,False
cctv052x2004080619x00090,frame_4.jpg,75569,1231,0.0163,Low,False
cctv052x2004080619x00090,frame_5.jpg,76264,536,0.007,Low,False
cctv052x2004080619x00091,frame_1.jpg,74089,2711,0.0366,Low,False
cctv052x2004080619x00091,frame_2.jpg,74412,2388,0.0321,Low,False
cctv052x2004080619x00091,frame_3.jpg,73465,3335,0.0454,Moderate,False
cctv052x2004080619x00091,frame_4.jpg,75550,1250,0.0165,Low,False
cctv052x2004080619x00091,frame_5.jpg,75183,1617,0.0215,Low,False
cctv052x2004080619x00092,frame_1.jpg,74742,2058,0.0275,Low,False
cctv052x2004080619x00092,frame_2.jpg,75326,1474,0.0196,Low,False
cctv052x2004080619x00092,frame_3.jpg,74181,2619,0.0353,Low,False
cctv052x2004080619x00092,frame_4.jpg,74927,1873,0.025,Low,False
cctv052x2004080619x00092,frame_5.jpg,74636,2164,0.029,Low,False
cctv052x2004080619x00093,frame_1.jpg,75254,1546,0.0205,Low,False
cctv052x2004080619x00093,frame_2.jpg,75666,1134,0.015,Low,False
cctv052x2004080619x00093,frame_3.jpg,73623,3177,0.0432,Moderate,False
cctv052x2004080619x00093,frame_4.jpg,75311,1489,0.0198,Low,False
cctv052x2004080619x00093,frame_5.jpg,75068,1732,0.0231,Low,False
cctv052x2004080619x00094,frame_1.jpg,74936,1864,0.0249,Low,False
cctv052x2004080619x00094,frame_2.jpg,76289,511,0.0067,Low,False
cctv052x2004080619x00094,frame_3.jpg,76578,222,0.0029,Low,False
cctv052x2004080619x00094,frame_4.jpg,76800,0,0.0,Low,False
cctv052x2004080619x00094,frame_5.jpg,76382,418,0.0055,Low,False
cctv052x2004080619x00095,frame_1.jpg,76560,240,0.0031,Low,False
cctv052x2004080619x00095,frame_2.jpg,76005,795,0.0105,Low,False
cctv052x2004080619x00095,frame_3.jpg,76166,634,0.0083,Low,False
cctv052x2004080619x00095,frame_4.jpg,76800,0,0.0,Low,False
cctv052x2004080619x00095,frame_5.jpg,75052,1748,0.0233,Low,False
cctv052x2004080619x00096,frame_1.jpg,75105,1695,0.0226,Low,False
cctv052x2004080619x00096,frame_2.jpg,75792,1008,0.0133,Low,False
cctv052x2004080619x00096,frame_3.jpg,76344,456,0.006,Low,False
cctv052x2004080619x00096,frame_4.jpg,75388,1412,0.0187,Low,False
cctv052x2004080619x00096,frame_5.jpg,75638,1162,0.0154,Low,False
cctv052x2004080619x00097,frame_1.jpg,76343,457,0.006,Low,False
cctv052x2004080619x00097,frame_2.jpg,76632,168,0.0022,Low,False
cctv052x2004080619x00097,frame_3.jpg,75464,1336,0.0177,Low,False
cctv052x2004080619x00097,frame_4.jpg,75157,1643,0.0219,Low,False
cctv052x2004080619x00097,frame_5.jpg,71318,5482,0.0769,Moderate,False
cctv052x2004080619x00098,frame_1.jpg,75208,1592,0.0212,Low,False
cctv052x2004080619x00098,frame_2.jpg,74813,1987,0.0266,Low,False
cctv052x2004080619x00098,frame_3.jpg,76572,228,0.003,Low,False
cctv052x2004080619x00098,frame_4.jpg,75973,827,0.0109,Low,False
cctv052x2004080619x00098,frame_5.jpg,74757,2043,0.0273,Low,False
cctv052x2004080619x00099,frame_1.jpg,74660,2140,0.0287,Low,False
cctv052x2004080619x00099,frame_2.jpg,74354,2446,0.0329,Low,False
cctv052x2004080619x00099,frame_3.jpg,74614,2186,0.0293,Low,False
cctv052x2004080619x00099,frame_4.jpg,75291,1509,0.02,Low,False
cctv052x2004080619x00099,frame_5.jpg,75045,1755,0.0234,Low,False
cctv052x2004080619x00100,frame_1.jpg,74712,2088,0.0279,Low,False
cctv052x2004080619x00100,frame_2.jpg,74963,1837,0.0245,Low,False
cctv052x2004080619x00100,frame_3.jpg,75005,1795,0.0239,Low,False
cctv052x2004080619x00100,frame_4.jpg,73462,3338,0.0454,Moderate,False
cctv052x2004080619x00100,frame_5.jpg,73566,3234,0.044,Moderate,False
cctv052x2004080619x00101,frame_1.jpg,73831,2969,0.0402,Moderate,False
cctv052x2004080619x00101,frame_2.jpg,74710,2090,0.028,Low,False
cctv052x2004080619x00101,frame_3.jpg,74069,2731,0.0369,Low,False
cctv052x2004080619x00101,frame_4.jpg,74890,1910,0.0255,Low,False
cctv052x2004080619x00101,frame_5.jpg,74626,2174,0.0291,Low,False
cctv052x2004080619x00102,frame_1.jpg,76568,232,0.003,Low,False
cctv052x2004080619x00102,frame_2.jpg,76800,0,0.0,Low,False
cctv052x2004080619x00102,frame_3.jpg,76800,0,0.0,Low,False
cctv052x2004080619x00102,frame_4.jpg,76800,0,0.0,Low,False
cctv052x2004080619x00102,frame_5.jpg,76462,338,0.0044,Low,False
cctv052x2004080619x00103,frame_1.jpg,76403,397,0.0052,Low,False
cctv052x2004080619x00103,frame_2.jpg,76556,244,0.0032,Low,False
cctv052x2004080619x00103,frame_3.jpg,75733,1067,0.0141,Low,False
cctv052x2004080619x00103,frame_4.jpg,74296,2504,0.0337,Low,False
cctv052x2004080619x00103,frame_5.jpg,74731,2069,0.0277,Low,False
cctv052x2004080619x00104,frame_1.jpg,75892,908,0.012,Low,False
cctv052x2004080619x00104,frame_2.jpg,76606,194,0.0025,Low,False
cctv052x2004080619x00104,frame_3.jpg,73644,3156,0.0429,Moderate,False
cctv052x2004080619x00104,frame_4.jpg,74308,2492,0.0335,Low,False
cctv052x2004080619x00104,frame_5.jpg,74788,2012,0.0269,Low,False
cctv052x2004080620x00105,frame_1.jpg,72677,4123,0.0567,Moderate,False
cctv052x2004080620x00105,frame_2.jpg,75129,1671,0.0222,Low,False
cctv052x2004080620x00105,frame_3.jpg,75552,1248,0.0165,Low,False
cctv052x2004080620x00105,frame_4.jpg,75558,1242,0.0164,Low,False
cctv052x2004080620x00105,frame_5.jpg,75565,1235,0.0163,Low,False
cctv052x2004080620x00106,frame_1.jpg,73848,2952,0.04,Low,False
cctv052x2004080620x00106,frame_2.jpg,73299,3501,0.0478,Moderate,False
cctv052x2004080620x00106,frame_3.jpg,73758,3042,0.0412,Moderate,False
cctv052x2004080620x00106,frame_4.jpg,75426,1374,0.0182,Low,False
cctv052x2004080620x00106,frame_5.jpg,75023,1777,0.0237,Low,False
cctv052x2004080620x00107,frame_1.jpg,75220,1580,0.021,Low,False
cctv052x2004080620x00107,frame_2.jpg,76259,541,0.0071,Low,False
cctv052x2004080620x00107,frame_3.jpg,76466,334,0.0044,Low,False
cctv052x2004080620x00107,frame_4.jpg,75337,1463,0.0194,Low,False
cctv052x2004080620x00107,frame_5.jpg,75640,1160,0.0153,Low,False
cctv052x2004080620x00108,frame_1.jpg,75567,1233,0.0163,Low,False
cctv052x2004080620x00108,frame_2.jpg,76420,380,0.005,Low,False
cctv052x2004080620x00108,frame_3.jpg,76800,0,0.0,Low,False
cctv052x2004080620x00108,frame_4.jpg,74734,2066,0.0276,Low,False
cctv052x2004080620x00108,frame_5.jpg,74566,2234,0.03,Low,False
